nama_opd,nama_jabatan,kelas_jabatan,jumlah_pegawai_terdampak
"Dinas Pendidikan","Guru Ahli Pertama",,3145
,"Guru Ahli Pertama",,1586
"Dinas Pendidikan","Guru Ahli Muda",,914
"Dinas Pendidikan","Guru Ahli Madya",,911
"Dinas Pendidikan","PENGELOLA UMUM OPERASIONAL",,174
"Dinas Pendidikan","PENGADMINISTRASI PERKANTORAN",,172
"Dinas Kesehatan","Perawat Terampil",,152
"Dinas Kesehatan","Bidan Terampil",,122
"Dinas Kesehatan","Bidan Penyelia",,115
"Dinas Pendidikan","OPERATOR LAYANAN OPERASIONAL",,68
,"BIDAN TERAMPIL",,57
"Dinas Kesehatan","Bidan Mahir",,52
"Dinas Kesehatan","Perawat Penyelia",,51
"RSUD Ngudi Waluyo Wlingi","Perawat Penyelia",,51
"Dinas Pendidikan","Guru Muda",,40
"Dinas Kesehatan","Bidan Pelaksana Lanjutan / Mahir",,40
"Dinas Perindustrian dan Perdagangan","OPERATOR LAYANAN OPERASIONAL",,37
"Dinas Pendidikan","Guru Madya",,32
"Dinas Kesehatan","Perekam Medis Terampil",,32
"RSUD Ngudi Waluyo Wlingi","Perawat Terampil",,30
"RSUD Ngudi Waluyo Wlingi","PENGADMINISTRASI PERKANTORAN",,30
"RSUD Srengat","Perawat Terampil",,29
"Dinas Kesehatan","PENGADMINISTRASI PERKANTORAN",,29
,"PERAWAT TERAMPIL",,28
"Dinas Kesehatan","PENATA LAYANAN OPERASIONAL",,27
"Dinas Kesehatan","Nutrisionis Terampil",,25
"RSUD Ngudi Waluyo Wlingi","Perawat Ahli Muda",,24
"Dinas Kesehatan","Perawat Mahir",,24
"RSUD Ngudi Waluyo Wlingi","Perawat Ahli Pertama",,23
"RSUD Ngudi Waluyo Wlingi","OPERATOR LAYANAN KESEHATAN",,23
"RSUD Ngudi Waluyo Wlingi","PERAWAT TERAMPIL",,23
"Dinas Lingkungan Hidup","OPERATOR LAYANAN OPERASIONAL",,23
"Dinas Kesehatan","Dokter Ahli Pertama",,21
"Dinas Kesehatan","Tenaga Promosi Kesehatan dan Ilmu Perilaku Ahli Pertama",,19
"Dinas Pendidikan","Pengawas Sekolah Ahli Madya",,18
"Dinas Kesehatan","PENELAAH TEKNIS KEBIJAKAN",,18
"Dinas Kesehatan","Pranata Laboratorium Kesehatan Terampil",,18
"Dinas Lingkungan Hidup","PENATA LAYANAN OPERASIONAL",,18
,"Guru Ahli Madya",,17
"Dinas Kesehatan","Perawat Gigi Terampil",,17
"Dinas Perhubungan","PENGADMINISTRASI PERKANTORAN",,17
"Dinas Kesehatan","Apoteker Ahli Muda",,16
"Dinas Kesehatan","BIDAN TERAMPIL",,16
"RSUD Srengat","Perawat Ahli Pertama",,15
"Dinas Kesehatan","Asisten Apoteker Terampil",,15
Inspektorat,"Auditor Ahli Pertama",,15
"RSUD Ngudi Waluyo Wlingi","PENATA LAYANAN OPERASIONAL",,15
"Satuan Polisi Pamong Praja Dan Pemadam Kebakaran","PRANATA TRANTIBUM",,14
"RSUD Ngudi Waluyo Wlingi","OPERATOR LAYANAN OPERASIONAL",,14
"Dinas Kesehatan","Dokter Ahli Madya",,13
"RSUD Ngudi Waluyo Wlingi","Perawat Ahli Madya",,13
"Dinas Pendidikan","Pengawas Sekolah Ahli Muda",,13
"Badan Pengelolaan Keuangan dan Aset Daerah","PENELAAH TEKNIS KEBIJAKAN",,13
"RSUD Ngudi Waluyo Wlingi","PENELAAH TEKNIS KEBIJAKAN",,13
,"Guru Ahli Muda",,13
"Sekretariat DPRD","PENELAAH TEKNIS KEBIJAKAN",,13
"Dinas Kesehatan","PELAKSANA/TERAMPIL - PERAWAT",,13
"Badan Kepegawaian dan Pengembangan Sumber Daya Manusia","PENELAAH TEKNIS KEBIJAKAN",,12
"Dinas Pendidikan","PENELAAH TEKNIS KEBIJAKAN",,12
"Dinas Pekerjaan Umum dan Penataan Ruang","PENATA LAYANAN OPERASIONAL",,12
"RSUD Ngudi Waluyo Wlingi","Apoteker Ahli Pertama",,12
"Dinas Kesehatan","Apoteker Ahli Pertama",,11
"Dinas Tenaga Kerja","PENELAAH TEKNIS KEBIJAKAN",,11
"Dinas Kesehatan","Dokter Ahli Muda",,11
"RSUD Srengat","Asisten Apoteker Terampil",,11
"Dinas Pendidikan","Guru Pembina",,11
"Dinas Perhubungan","OPERATOR LAYANAN OPERASIONAL",,11
"Dinas Kesehatan","OPERATOR LAYANAN OPERASIONAL",,11
"Dinas Kesehatan","Dokter Gigi Ahli Muda",,10
"RSUD Ngudi Waluyo Wlingi","Dokter Ahli Madya",,10
"Dinas Kesehatan","Asisten Apoteker Penyelia",,10
"Dinas Perhubungan","PENELAAH TEKNIS KEBIJAKAN",,10
"Dinas Kebudayaan Dan Pariwisata","OPERATOR LAYANAN OPERASIONAL",,10
"Dinas Kesehatan","PERAWAT TERAMPIL",,10
"RSUD Srengat","AHLI PERTAMA - PERAWAT",,10
"Dinas Perindustrian dan Perdagangan","PENATA LAYANAN OPERASIONAL",,10
"Dinas Perhubungan","PETUGAS TRANSPORTASI DARAT",,9
"Dinas Kesehatan","Pranata Laboratorium Kesehatan Penyelia",,9
"RSUD Ngudi Waluyo Wlingi","Dokter Ahli Muda",,9
Inspektorat,"Pengawas Penyelenggaraan Urusan Pemerintahan Daerah Ahli Pertama",,9
"Dinas Perumahan Rakyat, Kawasan Permukiman dan Pertanahan","PENGADMINISTRASI PERKANTORAN",,9
"Badan Pengelolaan Keuangan dan Aset Daerah","PENGOLAH DATA DAN INFORMASI",,9
"Dinas Perindustrian dan Perdagangan","PENGELOLA UMUM OPERASIONAL",,9
"Dinas Kesehatan","Dokter Gigi Ahli Madya",,8
"Pelaksana Badan Penanggulangan Bencana Daerah","OPERATOR LAYANAN OPERASIONAL",,8
"Badan Pendapatan Daerah","PENELAAH TEKNIS KEBIJAKAN",,8
"Dinas Kesehatan","Nutrisionis Penyelia",,8
"RSUD Ngudi Waluyo Wlingi","Pranata Laboratorium Kesehatan Penyelia",,8
"SEKRETARIAT DAERAH","PENATA LAYANAN OPERASIONAL",,8
"RSUD Ngudi Waluyo Wlingi","Dokter Ahli Pertama",,8
"Sekretariat DPRD","PENGADMINISTRASI PERKANTORAN",,8
"Kecamatan Garum","PENGADMINISTRASI PERKANTORAN",,8
"Dinas Pendidikan","PENATA LAYANAN OPERASIONAL",,8
"SEKRETARIAT DAERAH","PENELAAH TEKNIS KEBIJAKAN",,7
"Dinas Kesehatan","Tenaga Sanitasi Lingkungan Terampil",,7
"RSUD Ngudi Waluyo Wlingi","Asisten Apoteker Penyelia",,7
Inspektorat,"Pengawas Penyelenggaraan Urusan Pemerintahan Daerah Ahli Madya",,7
"RSUD Srengat","Pranata Laboratorium Kesehatan Terampil",,7
"Dinas Pemberdayaan Masyarakat dan Desa","PENELAAH TEKNIS KEBIJAKAN",,7
"Dinas Peternakan dan Perikanan","Medik Veteriner Ahli Pertama",,7
"Dinas Pendidikan","GURU SD",,7
"RSUD Ngudi Waluyo Wlingi","Bidan Penyelia",,7
"Kecamatan Sutojayan",Lurah,,7
"Dinas Peternakan dan Perikanan","PENGADMINISTRASI PERKANTORAN",,7
"SEKRETARIAT DAERAH","PENGADMINISTRASI PERKANTORAN",,7
"Dinas Perindustrian dan Perdagangan","PENGOLAH DATA DAN INFORMASI",,7
"Dinas Pendidikan","PENGOLAH DATA DAN INFORMASI",,7
"Dinas Ketahanan Pangan dan Pertanian","PENELAAH TEKNIS KEBIJAKAN",,7
Inspektorat,"Pengawas Penyelenggaraan Urusan Pemerintahan Daerah Ahli Muda",,7
"Dinas Kesehatan","Dokter Gigi Ahli Pertama",,7
"Dinas Ketahanan Pangan dan Pertanian","PENATA LAYANAN OPERASIONAL",,7
"Dinas Kesehatan","Perawat Pelaksana / Terampil",,6
"RSUD Srengat","Dokter Ahli Pertama",,6
"RSUD Ngudi Waluyo Wlingi","PENGELOLA LAYANAN OPERASIONAL",,6
,"Bidan Terampil",,6
"Dinas Pemberdayaan Perempuan, Perlindungan Anak, Pengendalian Penduduk, Dan Keluarga Berencana","PENELAAH TEKNIS KEBIJAKAN",,6
"Dinas Peternakan dan Perikanan","PENELAAH TEKNIS KEBIJAKAN",,6
"Dinas Sosial","PENELAAH TEKNIS KEBIJAKAN",,6
"Badan Kepegawaian dan Pengembangan Sumber Daya Manusia","Analis Sumber Daya Manusia Aparatur Ahli Muda",,6
"Badan Kesatuan Bangsa dan Politik","Analis Kebijakan Ahli Muda",,6
"Dinas Pekerjaan Umum dan Penataan Ruang","PENGAWAS JARINGAN UTILITAS",,6
"Dinas Kesehatan","Perawat Ahli Muda",,6
"Dinas Perumahan Rakyat, Kawasan Permukiman dan Pertanahan","PENELAAH TEKNIS KEBIJAKAN",,6
"Satuan Polisi Pamong Praja Dan Pemadam Kebakaran","Polisi Pamong Praja Terampil",,6
"Dinas Peternakan dan Perikanan","Paramedik Veteriner Terampil",,6
"Dinas Kepemudaan Dan Olah Raga","PENGADMINISTRASI PERKANTORAN",,6
"RSUD Ngudi Waluyo Wlingi","Radiografer Penyelia",,5
Inspektorat,"Auditor Ahli Muda",,5
"Badan Perencanaan Pembangunan Daerah, Penelitian, Dan Pengembangan","Perencana Ahli Pertama",,5
"Dinas Kesehatan","Administrator Kesehatan Ahli Pertama",,5
"Dinas Kesehatan","Sanitarian Terampil",,5
"Satuan Polisi Pamong Praja Dan Pemadam Kebakaran","PENELAAH TEKNIS KEBIJAKAN",,5
"Dinas Kependudukan dan Pencatatan Sipil","PENELAAH TEKNIS KEBIJAKAN",,5
"Dinas Kebudayaan Dan Pariwisata","PENELAAH TEKNIS KEBIJAKAN",,5
"Badan Perencanaan Pembangunan Daerah, Penelitian, Dan Pengembangan","PENELAAH TEKNIS KEBIJAKAN",,5
"RSUD Srengat","Perawat Ahli Muda",,5
"Dinas Ketahanan Pangan dan Pertanian","Analis Prasarana dan Sarana Pertanian Ahli Muda",,5
"SEKRETARIAT DAERAH","PENGOLAH DATA DAN INFORMASI",,5
"RSUD Srengat","Apoteker Ahli Pertama",,5
"Dinas Kependudukan dan Pencatatan Sipil","Penata Kependudukan dan Keluarga Berencana Ahli Muda",,5
"Dinas Komunikasi, Informatika, Statistik, Dan Persandian","PENELAAH TEKNIS KEBIJAKAN",,5
"Dinas Sosial","Analis Kebijakan Ahli Muda",,5
"Dinas Pendidikan","Guru Dewasa Tingkat. I",,5
"RSUD Ngudi Waluyo Wlingi","Perekam Medis Terampil",,5
"Dinas Pendidikan",Guru,,5
"Dinas Perhubungan","Penguji Kendaraan Bermotor Terampil",,5
"RSUD Srengat","Perawat Mahir",,5
"RSUD Ngudi Waluyo Wlingi","Apoteker Ahli Muda",,5
,"AHLI PERTAMA - PENYULUH KESEHATAN MASYARAKAT",,5
"PEMERINTAH KABUPATEN BLITAR -","Guru Ahli Pertama",,5
"Dinas Kesehatan","Perawat Ahli Pertama",,5
"Dinas Kebudayaan Dan Pariwisata","PENATA LAYANAN OPERASIONAL",,5
"Dinas Kesehatan","Bidan Ahli Pertama",,5
"Dinas Kesehatan","PELAKSANA/TERAMPIL - TERAPIS GIGI DAN MULUT",,5
"Dinas Perhubungan","PENGAWAS TRANSPORTASI DARAT",,4
"Dinas Kesehatan","Perawat Pelaksana Lanjutan / Mahir",,4
"Dinas Kesehatan","Pranata Laboratorium Kesehatan Pelaksana Lanjutan / Mahir",,4
"Dinas Komunikasi, Informatika, Statistik, Dan Persandian","PENATA KELOLA SISTEM DAN TEKNOLOGI INFORMASI",,4
"Dinas Lingkungan Hidup","PENELAAH TEKNIS KEBIJAKAN",,4
"Dinas Perindustrian dan Perdagangan","PENELAAH TEKNIS KEBIJAKAN",,4
"Pelaksana Badan Penanggulangan Bencana Daerah","PENELAAH TEKNIS KEBIJAKAN",,4
"RSUD Srengat","Radiografer Terampil",,4
"RSUD Srengat","Bidan Penyelia",,4
"RSUD Srengat","Dokter Ahli Madya",,4
"Kecamatan Talun",Lurah,,4
"Kecamatan Wlingi",Lurah,,4
"Kecamatan Wlingi","PENGADMINISTRASI PERKANTORAN",,4
"Dinas Kesehatan","PENGELOLA LAYANAN KESEHATAN",,4
"Kecamatan Srengat","PENGADMINISTRASI PERKANTORAN",,4
"RSUD Ngudi Waluyo Wlingi","Nutrisionis Ahli Madya",,4
"Dinas Peternakan dan Perikanan","Pengelola Produksi Perikanan Tangkap Ahli Muda",,4
"Badan Pengelolaan Keuangan dan Aset Daerah","Analis Keuangan Pusat dan Daerah Ahli Muda",,4
"Kecamatan Selopuro","PENGADMINISTRASI PERKANTORAN",,4
"Kecamatan Nglegok","PENGADMINISTRASI PERKANTORAN",,4
"Dinas Kebudayaan Dan Pariwisata","PENGADMINISTRASI PERKANTORAN",,4
"Dinas Ketahanan Pangan dan Pertanian","Pengawas Mutu Hasil Pertanian Ahli Muda",,4
,"Guru Madya",,4
"Badan Pendapatan Daerah","PENGOLAH DATA DAN INFORMASI",,4
"Dinas Kependudukan dan Pencatatan Sipil","PENATA LAYANAN OPERASIONAL",,4
"SEKRETARIAT DAERAH","OPERATOR LAYANAN OPERASIONAL",,4
"RSUD Srengat","Perekam Medis Terampil",,4
"RSUD Ngudi Waluyo Wlingi","Bidan Terampil",,4
"Dinas Kebudayaan Dan Pariwisata","PENGELOLA UMUM OPERASIONAL",,4
"Dinas Pemberdayaan Masyarakat dan Desa","PENATA LAYANAN OPERASIONAL",,4
"Dinas Perhubungan","PENATA LAYANAN OPERASIONAL",,4
"RSUD Srengat","PENATA LAYANAN OPERASIONAL",,4
"RSUD Ngudi Waluyo Wlingi","Asisten Apoteker Terampil",,4
"Badan Pendapatan Daerah","PENATA LAYANAN OPERASIONAL",,4
"Dinas Komunikasi, Informatika, Statistik, Dan Persandian","PENATA LAYANAN OPERASIONAL",,4
"Dinas Peternakan dan Perikanan","OPERATOR LAYANAN OPERASIONAL",,4
"Dinas Kepemudaan Dan Olah Raga","OPERATOR LAYANAN OPERASIONAL",,4
"Dinas Ketahanan Pangan dan Pertanian","Penyuluh Pertanian Ahli Pertama",,4
"Kecamatan Srengat",Lurah,,3
"RSUD Ngudi Waluyo Wlingi","Nutrisionis Penyelia",,3
"RSUD Ngudi Waluyo Wlingi","Teknisi Elektromedis Penyelia",,3
"Satuan Polisi Pamong Praja Dan Pemadam Kebakaran","Polisi Pamong Praja Ahli Pertama",,3
Inspektorat,"PENELAAH TEKNIS KEBIJAKAN",,3
"Dinas Kesehatan","Terapis Gigi dan Mulut Terampil",,3
"Dinas Kepemudaan Dan Olah Raga","PENELAAH TEKNIS KEBIJAKAN",,3
"Dinas Kesehatan","PENGOLAH DATA DAN INFORMASI",,3
"Dinas Komunikasi, Informatika, Statistik, Dan Persandian","Pranata Komputer Ahli Muda",,3
"Dinas Koperasi, Usaha Kecil dan Menengah","PENELAAH TEKNIS KEBIJAKAN",,3
"Kecamatan Kanigoro","PENGADMINISTRASI PERKANTORAN",,3
"Dinas Pendidikan","Pengawas Sekolah Ahli Utama",,3
,"Perawat Ahli Muda",,3
,"Bidan Mahir",,3
,"OPERATOR LAYANAN OPERASIONAL",,3
"RSUD Srengat","Nutrisionis Ahli Pertama",,3
"Dinas Pendidikan","PELAKSANA GURU",,3
"Satuan Polisi Pamong Praja Dan Pemadam Kebakaran","PRANATA PASUKAN PENGAMANAN DALAM",,3
"Kecamatan Sutojayan","PENGADMINISTRASI PERKANTORAN",,3
"Kecamatan Garum",Lurah,,3
,"Perawat Terampil",,3
"Bagian Protokol dan Komunikasi Pimpinan","PENATA KEPROTOKOLAN",,3
,"Perawat Penyelia",,3
"Dinas Pemberdayaan Perempuan, Perlindungan Anak, Pengendalian Penduduk, Dan Keluarga Berencana","Analis Kebijakan Ahli Muda",,3
"Dinas Koperasi, Usaha Kecil dan Menengah","Analis Kebijakan Ahli Muda",,3
"Dinas Lingkungan Hidup","PEMELIHARA TUMBUHAN",,3
"Dinas Pendidikan","Guru Pembina Tingkat. I",,3
"RSUD Srengat","Bidan Mahir",,3
"Kecamatan Sanankulon","PENGADMINISTRASI PERKANTORAN",,3
"RSUD Ngudi Waluyo Wlingi","Perawat Muda / Ahli Muda",,3
"Dinas Kebudayaan Dan Pariwisata","Adyatama Kepariwisataan dan Ekonomi Kreatif Ahli Muda",,3
"Sekretariat DPRD","Analis Kebijakan Ahli Muda",,3
"Dinas Kesehatan","PENGELOLA LAYANAN OPERASIONAL",,3
"RSUD Ngudi Waluyo Wlingi","Perekam Medis Penyelia",,3
"Dinas Lingkungan Hidup","Pengendali Dampak Lingkungan Ahli Muda",,3
"Kelurahan Tangkil","PENGADMINISTRASI PERKANTORAN",,3
"Dinas Kesehatan","Administrator Kesehatan Ahli Muda",,3
"Kecamatan Kademangan","PENGADMINISTRASI PERKANTORAN",,3
"Dinas Lingkungan Hidup","PENGADMINISTRASI PERKANTORAN",,3
"Kecamatan Gandusari","PENGADMINISTRASI PERKANTORAN",,3
"Dinas Perpustakaan Dan Kearsipan","Pustakawan Ahli Pertama",,3
"Dinas Sosial","Pekerja Sosial Ahli Pertama",,3
"KELURAHAN BERU","PENGADMINISTRASI PERKANTORAN",,3
"RSUD Ngudi Waluyo Wlingi","Teknisi Transfusi Darah Terampil",,3
"RSUD Ngudi Waluyo Wlingi","Nutrisionis Terampil",,3
"Dinas Peternakan dan Perikanan","Medik Veteriner Ahli Muda",,3
"RSUD Ngudi Waluyo Wlingi","Apoteker Ahli Madya",,3
"RSUD Ngudi Waluyo Wlingi","Bidan Ahli Pertama",,3
"Kecamatan Udanawu","PENGADMINISTRASI PERKANTORAN",,3
"Dinas Kesehatan","Asisten Apoteker Mahir",,3
"Badan Perencanaan Pembangunan Daerah, Penelitian, Dan Pengembangan","PENGADMINISTRASI PERKANTORAN",,3
"Kelurahan Wlingi","PENGADMINISTRASI PERKANTORAN",,3
"RSUD Ngudi Waluyo Wlingi","Nutrisionis Ahli Pertama",,3
,"ASISTEN APOTEKER TERAMPIL",,3
"Dinas Kesehatan","AHLI PERTAMA - PENYULUH KESEHATAN MASYARAKAT",,3
"Dinas Perhubungan","PENGELOLA UMUM OPERASIONAL",,3
"Badan Pendapatan Daerah","OPERATOR LAYANAN OPERASIONAL",,3
"Dinas Peternakan dan Perikanan","PENATA LAYANAN OPERASIONAL",,3
"Dinas Kependudukan dan Pencatatan Sipil","PENGADMINISTRASI PERKANTORAN",,3
"Satuan Polisi Pamong Praja Dan Pemadam Kebakaran","Pemadam Kebakaran Pemula",,3
,"NUTRISIONIS TERAMPIL",,3
"Dinas Ketahanan Pangan dan Pertanian","Penyuluh Pertanian Terampil",,3
"Dinas Perindustrian dan Perdagangan","Penera Ahli Pertama",,2
"Dinas Kesehatan","Perencana Ahli Pertama",,2
"Dinas Kesehatan","Perawat Ahli Madya",,2
,"Bidan Penyelia",,2
"RSUD Srengat","Pranata Laboratorium Kesehatan Penyelia",,2
"Dinas Kesehatan","Terapis Gigi dan Mulut Penyelia",,2
"RSUD Ngudi Waluyo Wlingi","Teknisi Elektromedis Terampil",,2
"RSUD Ngudi Waluyo Wlingi","Perawat Mahir",,2
"SEKRETARIAT DAERAH","PENGELOLA LAYANAN OPERASIONAL",,2
"Dinas Pemberdayaan Perempuan, Perlindungan Anak, Pengendalian Penduduk, Dan Keluarga Berencana","PENATA KELOLA PEMBERDAYAAN PEREMPUAN DAN PERLINDUNGAN ANAK",,2
"Dinas Lingkungan Hidup","Penyuluh Lingkungan Hidup Ahli Muda",,2
"RSUD Ngudi Waluyo Wlingi","Penata Anestesi Ahli Madya",,2
"Dinas Koperasi, Usaha Kecil dan Menengah","PENGOLAH DATA DAN INFORMASI",,2
"RSUD Srengat","Nutrisionis Penyelia",,2
"RSUD Srengat","Dokter Ahli Muda",,2
"RSUD Srengat","Fisioterapis Terampil",,2
"Dinas Perumahan Rakyat, Kawasan Permukiman dan Pertanahan","OPERATOR LAYANAN OPERASIONAL",,2
"Dinas Pekerjaan Umum dan Penataan Ruang","PENGELOLA LAYANAN OPERASIONAL",,2
"RSUD Srengat","Nutrisionis Terampil",,2
"Dinas Perpustakaan Dan Kearsipan","Arsiparis Ahli Muda",,2
"Satuan Polisi Pamong Praja Dan Pemadam Kebakaran","PENGADMINISTRASI PERKANTORAN",,2
"Badan Kesatuan Bangsa dan Politik","PENELAAH TEKNIS KEBIJAKAN",,2
,"Dokter Ahli Pertama",,2
"Satuan Polisi Pamong Praja Dan Pemadam Kebakaran","PENGELOLA LAYANAN OPERASIONAL",,2
"RSUD Srengat","Perawat Penyelia",,2
"Dinas Perindustrian dan Perdagangan","Penyuluh Perindustrian dan Perdagangan Ahli Pertama",,2
Inspektorat,"OPERATOR LAYANAN OPERASIONAL",,2
"RSUD Srengat","Tenaga Sanitasi Lingkungan Terampil",,2
"RSUD Ngudi Waluyo Wlingi","Administrator Kesehatan Ahli Muda",,2
"RSUD Ngudi Waluyo Wlingi","Pranata Laboratorium Kesehatan Pelaksana Lanjutan / Mahir",,2
"Dinas Komunikasi, Informatika, Statistik, Dan Persandian","Statistisi Ahli Muda",,2
"Dinas Ketahanan Pangan dan Pertanian","Analis Pasar Hasil Pertanian Ahli Muda",,2
"Dinas Sosial","Penyuluh Sosial Ahli Pertama",,2
"Dinas Kesehatan","Perawat Muda / Ahli Muda",,2
,"Guru Dewasa Tingkat. I",,2
"Kecamatan Doko","PENGADMINISTRASI PERKANTORAN",,2
"SEKRETARIAT DAERAH","PENATA KEPROTOKOLAN",,2
"Dinas Peternakan dan Perikanan","Analis Kebijakan Ahli Muda",,2
"Dinas Peternakan dan Perikanan","Analis Pasar Hasil Pertanian Ahli Muda",,2
"Dinas Pekerjaan Umum dan Penataan Ruang","Kepala Bidang Sumber Daya Air",,2
"Dinas Peternakan dan Perikanan","Analis Akuakultur Ahli Muda",,2
"Satuan Polisi Pamong Praja Dan Pemadam Kebakaran","PENGOLAH DATA DAN INFORMASI",,2
"Badan Kepegawaian dan Pengembangan Sumber Daya Manusia","PENGADMINISTRASI PERKANTORAN",,2
"Pelaksana Badan Penanggulangan Bencana Daerah","Analis Kebencanaan Ahli Muda",,2
"Dinas Peternakan dan Perikanan","Pengawas Mutu Pakan Ahli Muda",,2
"RSUD Ngudi Waluyo Wlingi","Perawat Madya / Ahli Madya",,2
"Dinas Koperasi, Usaha Kecil dan Menengah","Pengembang Kewirausahaan Ahli Muda",,2
,"Guru Dewasa",,2
"Kelurahan Kademangan","PENGADMINISTRASI PERKANTORAN",,2
"Kecamatan Kanigoro",Lurah,,2
"RSUD Srengat","Perawat Ahli Madya",,2
"RSUD Ngudi Waluyo Wlingi","Dokter Gigi Ahli Madya",,2
"RSUD Ngudi Waluyo Wlingi","Perawat Pelaksana Lanjutan / Mahir",,2
"RSUD Ngudi Waluyo Wlingi",STAF,,2
"Dinas Kesehatan","Sanitarian Penyelia",,2
"Dinas Koperasi, Usaha Kecil dan Menengah","Pengawas Koperasi Ahli Muda",,2
"Sekretariat DPRD","OPERATOR LAYANAN OPERASIONAL",,2
"Dinas Pekerjaan Umum dan Penataan Ruang",Sekretaris,,2
,"Perawat Mahir",,2
"Dinas Pendidikan","Guru Dewasa",,2
"Dinas Kesehatan","Penyuluh Kesehatan Masyarakat Ahli Pertama",,2
"Badan Kesatuan Bangsa dan Politik","PENGOLAH DATA DAN INFORMASI",,2
"Dinas Komunikasi, Informatika, Statistik, Dan Persandian","PENGOLAH DATA DAN INFORMASI",,2
"Kecamatan Wlingi","PENGOLAH DATA DAN INFORMASI",,2
"Dinas Tenaga Kerja","Pengantar Kerja Ahli Pertama",,2
"Dinas Peternakan dan Perikanan","PENATA KELOLA KELAUTAN DAN PERIKANAN",,2
"Dinas Kesehatan","BIDAN TRAMPIL",,2
"Kecamatan Talun","PENGOLAH DATA DAN INFORMASI",,2
"RSUD Ngudi Waluyo Wlingi","Radiografer Ahli Pertama",,2
"Dinas Tenaga Kerja","Pengantar Kerja Ahli Muda",,2
"RSUD Ngudi Waluyo Wlingi","Fisioterapis Ahli Pertama",,2
"RSUD Ngudi Waluyo Wlingi","Asisten Apoteker Mahir",,2
"RSUD Srengat","PENGOLAH DATA DAN INFORMASI",,2
"Dinas Perumahan Rakyat, Kawasan Permukiman dan Pertanahan","Penata Kelola Bangunan Gedung dan Kawasan Permukiman Ahli Muda",,2
"Badan Pendapatan Daerah","PENGADMINISTRASI PERKANTORAN",,2
"Kelurahan Kaweron","PENGADMINISTRASI PERKANTORAN",,2
"Dinas Peternakan dan Perikanan","Pengawas Perikanan Ahli Muda",,2
"RSUD Ngudi Waluyo Wlingi","Tenaga Sanitasi Lingkungan Terampil",,2
"Dinas Pekerjaan Umum dan Penataan Ruang","Pengelola Sumber Daya Air Ahli Muda",,2
"KELURAHAN BABADAN","PENGADMINISTRASI PERKANTORAN",,2
"Kecamatan Wonotirto","PENGADMINISTRASI PERKANTORAN",,2
,"Perawat Pelaksana / Terampil",,2
"Dinas Kesehatan","APOTEKER AHLI PERTAMA",,2
"Dinas Koperasi, Usaha Kecil dan Menengah","PENATA LAYANAN OPERASIONAL",,2
"RSUD Srengat","Bidan Ahli Pertama",,2
"Kelurahan Jingglong","PENGADMINISTRASI PERKANTORAN",,2
"RSUD Ngudi Waluyo Wlingi","PEREKAM MEDIS TERAMPIL",,2
"Dinas Pemberdayaan Perempuan, Perlindungan Anak, Pengendalian Penduduk, Dan Keluarga Berencana","OPERATOR LAYANAN OPERASIONAL",,2
"Dinas Penanaman Modal dan Pelayanan Terpadu satu Pintu","PENGADMINISTRASI PERKANTORAN",,2
"RSUD Srengat","OPERATOR LAYANAN OPERASIONAL",,2
"Dinas Komunikasi, Informatika, Statistik, Dan Persandian","OPERATOR LAYANAN OPERASIONAL",,2
"RSUD Ngudi Waluyo Wlingi","Administrator Kesehatan Ahli Pertama",,2
"Badan Kesatuan Bangsa dan Politik","PENATA LAYANAN OPERASIONAL",,2
"Dinas Pekerjaan Umum dan Penataan Ruang","OPERATOR LAYANAN OPERASIONAL",,2
"RSUD Srengat","Teknisi Elektromedis Ahli Pertama",,2
"Kelurahan Kalipang","PENGADMINISTRASI PERKANTORAN",,2
"Kelurahan Togogan","PENGADMINISTRASI PERKANTORAN",,2
"Kecamatan Wates","PENGADMINISTRASI PERKANTORAN",,2
"Kelurahan Klemunan","PENGADMINISTRASI PERKANTORAN",,2
"Dinas Kesehatan","PENGELOLA UMUM OPERASIONAL",,2
"Kelurahan Jegu","PENGADMINISTRASI PERKANTORAN",,2
"Kecamatan Binangun","PENGADMINISTRASI PERKANTORAN",,2
"Kecamatan Panggungrejo","PENGADMINISTRASI PERKANTORAN",,2
"Dinas Tenaga Kerja","PENGADMINISTRASI PERKANTORAN",,2
"Sekretariat DPRD","PENATA LAYANAN OPERASIONAL",,2
"Kelurahan Sukorejo","PENGADMINISTRASI PERKANTORAN",,2
"Dinas Peternakan dan Perikanan","PENGELOLA UMUM OPERASIONAL",,2
"Dinas Sosial","OPERATOR LAYANAN OPERASIONAL",,2
"Pelaksana Badan Penanggulangan Bencana Daerah","PENATA LAYANAN OPERASIONAL",,2
"Dinas Kebudayaan Dan Pariwisata","Pranata Komputer Ahli Pertama",,2
"Dinas Perpustakaan Dan Kearsipan","OPERATOR LAYANAN OPERASIONAL",,2
"RSUD Ngudi Waluyo Wlingi","Penata Anestesi Ahli Pertama",,2
"RSUD Srengat","TEKNISI TRANSFUSI DARAH TERAMPIL",,2
,"PRANATA LABORATORIUM KESEHATAN TERAMPIL",,2
,"ASISTEN PENATA ANESTESI TERAMPIL",,2
,"AHLI PERTAMA - APOTEKER",,2
"Dinas Kesehatan","PELAKSANA/TERAMPIL - SANITARIAN",,2
"Dinas Kesehatan","PELAKSANA/TERAMPIL - PRANATA LABORATORIUM KESEHATAN",,2
"Satuan Polisi Pamong Praja Dan Pemadam Kebakaran","Kepala Seksi Satuan Perlindungan Masyarakat",,1
"Dinas Penanaman Modal dan Pelayanan Terpadu satu Pintu","Kepala Sub Bagian Umum dan Kepegawaian",,1
"Dinas Perhubungan","Kepala Seksi Simpul Transportasi",,1
"Dinas Sosial","Kepala Bidang Perlindungan dan Jaminan Sosial",,1
"Dinas Kependudukan dan Pencatatan Sipil","Kepala Bidang Pelayanan Pendaftaran Penduduk",,1
"Badan Kesatuan Bangsa dan Politik","Kepala Bidang Ketahanan Ekonomi, Sosial, Budaya Agama Dan Organisasi Masyarakat",,1
"Dinas Perindustrian dan Perdagangan","Kepala Bidang Kemetrologian",,1
"Dinas Komunikasi, Informatika, Statistik, Dan Persandian","PENGAWAS PENDATAAN STATISTIK",,1
"Kecamatan Sanankulon","Kepala Seksi Pelayanan Publik",,1
"Dinas Kesehatan","PENATA KELOLA SISTEM DAN TEKNOLOGI INFORMASI",,1
"Dinas Perpustakaan Dan Kearsipan","Kepala Bidang Perpustakaan",,1
"Dinas Kesehatan","Pranata Laboratorium Kesehatan Ahli Muda",,1
"Kelurahan Bajang","PENGOLAH DATA DAN INFORMASI",,1
"Badan Kepegawaian dan Pengembangan Sumber Daya Manusia","Analis Sumber Daya Manusia Aparatur Ahli Pertama",,1
"RSUD Srengat","Pranata Laboratorium Kesehatan Mahir",,1
"Dinas Perindustrian dan Perdagangan","Analis Perdagangan Ahli Muda",,1
"Dinas Tenaga Kerja","Kepala Sub Bagian Umum dan Kepegawaian",,1
,"Perawat Gigi Penyelia",,1
"RSUD Ngudi Waluyo Wlingi","Teknisi Elektromedis Ahli Pertama",,1
,STAF,,1
"Badan Pendapatan Daerah","Pranata Komputer Ahli Muda",,1
"Badan Perencanaan Pembangunan Daerah, Penelitian, Dan Pengembangan","Perencana Ahli Muda",,1
"Kecamatan Selorejo","SEKRETARIS DESA",,1
"Dinas Kesehatan","PENATA KELOLA OBAT DAN MAKANAN",,1
"RSUD Ngudi Waluyo Wlingi","Wakil Direktur Umum, Perencanaan dan Keuangan",,1
"Kelurahan Kamulan","Kepala Seksi Pemberdayaan Masyarakat dan Kesejahteraan Sosial",,1
Inspektorat,"Inspektur Pembantu III",,1
"Kecamatan Wonodadi",Sekretaris,,1
"Dinas Peternakan dan Perikanan","Kepala Bidang Perikanan Tangkap",,1
"Dinas Kepemudaan Dan Olah Raga","Kepala Bidang Keolahragaan",,1
"Dinas Kesehatan","Kepala UPT Puskesmas Selopuro",,1
"Dinas Kesehatan","Perawat Madya / Ahli Madya",,1
"RSUD Ngudi Waluyo Wlingi","Kepala Bidang Penunjang",,1
,"Penilik Ahli Madya",,1
"Kecamatan Binangun","Kepala Seksi Kesejahteraan Sosial",,1
"RSUD Ngudi Waluyo Wlingi","Kepala Bidang Keperawatan",,1
"Dinas Pendidikan","Guru Madya Tingkat. I",,1
"Dinas Kesehatan","ANALIS KESEHATAN",,1
"Badan Perencanaan Pembangunan Daerah, Penelitian, Dan Pengembangan","Peneliti Ahli Muda",,1
"Kelurahan Jegu","PENGOLAH DATA DAN INFORMASI",,1
"Dinas Pendidikan","Kepala Seksi Pengembangan Kurikulum Sekolah Dasar Dan Sekolah Menengah Pertama",,1
"Pelaksana Badan Penanggulangan Bencana Daerah",Sekretaris,,1
"Dinas Kependudukan dan Pencatatan Sipil","PENGOLAH DATA DAN INFORMASI",,1
"Dinas Pekerjaan Umum dan Penataan Ruang","PENGOLAH DATA DAN INFORMASI",,1
"Dinas Kesehatan","Teknisi Elektromedis Terampil",,1
"Badan Pendapatan Daerah","KEPALA SUB BIDANG PENGELOLAAN DAN BASIS DATA PAJAK DAERAH",,1
"RSUD Srengat","Teknisi Elektromedis Terampil",,1
"Dinas Pendidikan","KEPALA SEKSI KELEMBAGAAN DAN SARANA PRASARANA PENDIDIKAN SMP",,1
"RSUD Srengat","Apoteker Ahli Muda",,1
"Kecamatan Wates",Camat,,1
"Dinas Peternakan dan Perikanan",Sekretaris,,1
"Dinas Perindustrian dan Perdagangan","Penyuluh Perindustrian dan Perdagangan Terampil",,1
"Dinas Perpustakaan Dan Kearsipan","PENELAAH TEKNIS KEBIJAKAN",,1
"Dinas Perpustakaan Dan Kearsipan","Kepala Sub Bagian Umum dan Kepegawaian",,1
"Badan Kepegawaian dan Pengembangan Sumber Daya Manusia","Arsiparis Terampil",,1
"RSUD Srengat","PENGADMINISTRASI PERKANTORAN",,1
"Badan Kepegawaian dan Pengembangan Sumber Daya Manusia","Perencana Ahli Muda",,1
"Dinas Sosial","Perencana Ahli Muda",,1
"Kecamatan Gandusari","Kepala Seksi Ketentraman dan Ketertiban",,1
"Badan Kepegawaian dan Pengembangan Sumber Daya Manusia",Sekretaris,,1
"SEKRETARIAT DAERAH","Asisten Administrasi Umum",,1
,"Kepala Sub Bagian Umum dan Kepegawaian",,1
"Kecamatan Sanankulon","PENELAAH TEKNIS KEBIJAKAN",,1
"Dinas Perumahan Rakyat, Kawasan Permukiman dan Pertanahan","PENGOLAH DATA DAN INFORMASI",,1
"Kecamatan Kesamben","Kepala Seksi Kesejahteraan Sosial",,1
"Kelurahan Jingglong",Sekretaris,,1
"Dinas Tenaga Kerja","Kepala Bidang Pelatihan Kerja, Produktivitas Tenaga Kerja dan Transmigrasi",,1
"Satuan Polisi Pamong Praja Dan Pemadam Kebakaran","Kepala Bidang Pemadam Kebakaran",,1
"Dinas Pekerjaan Umum dan Penataan Ruang","Kepala Bidang Tata Ruang",,1
"Kecamatan Sutojayan","Kepala Seksi Pemerintahan",,1
"Dinas Lingkungan Hidup","Kepala Sub Bagian Umum dan Kepegawaian",,1
"Kecamatan Sanankulon","Kepala Seksi Pemberdayaan Masyarakat",,1
"Dinas Ketahanan Pangan dan Pertanian","KEPALA BIDANG PRASARANA PERTANIAN",,1
"Satuan Polisi Pamong Praja Dan Pemadam Kebakaran","Kepala Sub Bagian Umum dan Kepegawaian",,1
"Satuan Polisi Pamong Praja Dan Pemadam Kebakaran","Kepala Seksi Bina Penyidik Pegawai Negeri Sipil Dan Penyidikan",,1
"RSUD Ngudi Waluyo Wlingi","Kepala Bagian Keuangan dan Akuntansi",,1
"RSUD Ngudi Waluyo Wlingi","Wakil Direktur Penunjang Pendidikan dan Penelitian",,1
"Dinas Koperasi, Usaha Kecil dan Menengah",Sekretaris,,1
"Dinas Perindustrian dan Perdagangan","Kepala Sub Bagian Keuangan",,1
"Badan Perencanaan Pembangunan Daerah, Penelitian, Dan Pengembangan","Kepala Bidang Prasarana Wilayah Dan Ekonomi",,1
Inspektorat,"Inspektur Pembantu Khusus",,1
"Badan Kepegawaian dan Pengembangan Sumber Daya Manusia","Kepala Bidang Mutasi",,1
"Dinas Komunikasi, Informatika, Statistik, Dan Persandian","Kepala Bidang Stastistik",,1
"Badan Perencanaan Pembangunan Daerah, Penelitian, Dan Pengembangan",Sekretaris,,1
"Dinas Kepemudaan Dan Olah Raga","Pelatih Olahraga Ahli Muda",,1
"RSUD Srengat","Kepala Bidang Pelayanan Medis dan Keperawatan",,1
,"Guru Muda",,1
"Kecamatan Sanankulon","Kepala Sub Bagian Penyusunan Program dan Keuangan",,1
"Kecamatan Bakung","Kepala Seksi Kesejahteraan Sosial",,1
"Badan Kepegawaian dan Pengembangan Sumber Daya Manusia","Pranata Komputer Terampil",,1
"Kecamatan Ponggok","Kepala Sub Bagian Penyusunan Program dan Keuangan",,1
"Dinas Koperasi, Usaha Kecil dan Menengah","Pengembang Kewirausahaan Ahli Pertama",,1
"Dinas Kesehatan","Kepala UPT Laboratorium Kesehatan",,1
"Dinas Kependudukan dan Pencatatan Sipil","Kepala Bidang Pemanfaatan Data Dan Inovasi Pelayanan",,1
Inspektorat,"PENGADMINISTRASI PERKANTORAN",,1
Inspektorat,"PENGOLAH DATA DAN INFORMASI",,1
"Kelurahan Kauman","PENGOLAH DATA DAN INFORMASI",,1
"RSUD Ngudi Waluyo Wlingi","PENGADMINISTRASI UMUM",,1
"Kecamatan Nglegok","Kepala Sub Bagian Umum dan Kepegawaian",,1
"Kecamatan Nglegok","Kepala Seksi Pemberdayaan Masyarakat",,1
"Kecamatan Wlingi","Kepala Seksi Kesejahteraan Sosial",,1
"Dinas Pemberdayaan Masyarakat dan Desa",Sekretaris,,1
"Pelaksana Badan Penanggulangan Bencana Daerah","Arsiparis Mahir",,1
"RSUD Srengat","Kepala Sub Bagian Kepegawaian",,1
"Dinas Perumahan Rakyat, Kawasan Permukiman dan Pertanahan","Arsiparis Mahir",,1
"Kecamatan Selorejo","PENELAAH TEKNIS KEBIJAKAN",,1
"Kelurahan Kedungbunder","PENGOLAH DATA DAN INFORMASI",,1
"Dinas Pendidikan","Guru Pratama Tingkat. I",,1
"RSUD Srengat","Kepala Sub Bagian Keuangan",,1
"Kecamatan Panggungrejo","Kepala Sub Bagian Penyusunan Program dan Keuangan",,1
"Kelurahan Sukorejo",Sekretaris,,1
"Kelurahan Kalipang","Kepala Seksi Pemerintahan, Ketentraman dan Ketertiban",,1
"Kecamatan Selorejo","PENGOLAH DATA DAN INFORMASI",,1
"Dinas Koperasi, Usaha Kecil dan Menengah","Pengembang Kewirausahaan Ahli Madya",,1
"Kecamatan Kesamben","Kepala Seksi Ketentraman dan Ketertiban",,1
"Dinas Kebudayaan Dan Pariwisata","Kepala Bidang Kebudayaan",,1
"Kelurahan Kanigoro","Kepala Seksi Pemerintahan, Ketentraman dan Ketertiban",,1
"Kecamatan Wonotirto","Kepala Seksi Pemberdayaan Masyarakat",,1
"Kelurahan Bence","Kepala Seksi Pemberdayaan Masyarakat dan Kesejahteraan Sosial",,1
"Kecamatan Wonotirto","Kepala Seksi Kesejahteraan Sosial",,1
"Kelurahan Tawangsari","Kepala Seksi Pemberdayaan Masyarakat dan Kesejahteraan Sosial",,1
"Kecamatan Wlingi","Kepala Seksi Pemerintahan",,1
"Kecamatan Garum","Kepala Seksi Pemerintahan",,1
"Kelurahan Kademangan",Sekretaris,,1
"Kelurahan Kademangan","Kepala Seksi Pemerintahan, Ketentraman dan Ketertiban",,1
"Kecamatan Wlingi","Kepala Seksi Pemberdayaan Masyarakat",,1
"Kecamatan Wates","Kepala Seksi Pemerintahan",,1
"Kelurahan Kanigoro",Sekretaris,,1
"Kecamatan Udanawu","Kepala Seksi Pemerintahan",,1
"Kecamatan Panggungrejo","Kepala Seksi Pemerintahan",,1
"Kecamatan Panggungrejo","Kepala Sub Bagian Umum dan Kepegawaian",,1
"Dinas Pemberdayaan Perempuan, Perlindungan Anak, Pengendalian Penduduk, Dan Keluarga Berencana","Kepala Dinas Pemberdayaan Perempuan, Perlindungan Anak, Pengendalian Penduduk, Dan Keluarga Berencana",,1
"Kecamatan Wonotirto","Kepala Sub Bagian Umum dan Kepegawaian",,1
"Kecamatan Talun","Kepala Seksi Ketentraman dan Ketertiban",,1
"Kelurahan Kedungbunder","Kepala Seksi Pemberdayaan Masyarakat dan Kesejahteraan Sosial",,1
"Kecamatan Sutojayan","Kepala Sub Bagian Penyusunan Program dan Keuangan",,1
"Kecamatan Sutojayan","Kepala Seksi Ketentraman dan Ketertiban",,1
"Kecamatan Selorejo","Kepala Sub Bagian Penyusunan Program dan Keuangan",,1
"Kecamatan Selorejo","Kepala Seksi Pemerintahan",,1
"Kecamatan Ponggok","Kepala Sub Bagian Umum dan Kepegawaian",,1
"SEKRETARIAT DAERAH","Kepala SUBBAGIAN SUMBERDAYA ALAM",,1
"Kecamatan Panggungrejo","Kepala Seksi Ketentraman dan Ketertiban",,1
"Kelurahan Bajang","Kepala Seksi Pemberdayaan Masyarakat dan Kesejahteraan Sosial",,1
"Kelurahan Klemunan",Sekretaris,,1
"Kelurahan Tangkil",Sekretaris,,1
"Kelurahan Wlingi","Kepala Seksi Pemerintahan, Ketentraman dan Ketertiban",,1
"Kelurahan Talun","Kepala Seksi Pemberdayaan Masyarakat dan Kesejahteraan Sosial",,1
"Kecamatan Kademangan",Lurah,,1
"Kecamatan Selorejo","Kepala Seksi Ketentraman dan Ketertiban",,1
"Kelurahan Kaweron","Kepala Seksi Pemberdayaan Masyarakat dan Kesejahteraan Sosial",,1
"Kelurahan Wlingi","Kepala Seksi Pemberdayaan Masyarakat dan Kesejahteraan Sosial",,1
"Kelurahan Kamulan","Kepala Seksi Pemerintahan, Ketentraman dan Ketertiban",,1
"Kecamatan Wlingi","LURAH BABADAN",,1
"Dinas Pendidikan","Kepala SEKSI PENDIDIKAN NON FORMAL",,1
"Kelurahan Kaweron","Kepala Seksi Pemerintahan, Ketentraman dan Ketertiban",,1
"Kelurahan Bajang",Sekretaris,,1
"Kelurahan Kaweron",Sekretaris,,1
"Dinas Pemberdayaan Masyarakat dan Desa","Kepala Sub Bagian Keuangan",,1
"Kelurahan Sutojayan","Kepala Seksi Pemerintahan, Ketentraman dan Ketertiban",,1
Inspektorat,"Kepala Sub Bagian Umum dan Kepegawaian",,1
"Kelurahan Sutojayan",Sekretaris,,1
"Kecamatan Doko","Kepala Seksi Ketentraman dan Ketertiban",,1
"Kelurahan Sukorejo","Kepala Seksi Pemberdayaan Masyarakat dan Kesejahteraan Sosial",,1
"Kecamatan Bakung","Kepala Seksi Ketentraman dan Ketertiban",,1
"Kelurahan Garum",Sekretaris,,1
"Kecamatan Garum","Kepala Seksi Ketentraman dan Ketertiban",,1
"Kelurahan Jegu","Kepala Seksi Pemerintahan, Ketentraman dan Ketertiban",,1
"Kecamatan Garum","Kepala Sub Bagian Penyusunan Program dan Keuangan",,1
"Dinas Pemberdayaan Masyarakat dan Desa","Kepala Bidang Pemerintahan Desa",,1
"Dinas Peternakan dan Perikanan","Kepala Bidang Perikanan Budidaya",,1
"Dinas Ketahanan Pangan dan Pertanian","Kepala Bidang Ketahanan Pangan",,1
"Dinas Perumahan Rakyat, Kawasan Permukiman dan Pertanahan","Kepala Sub Bagian Umum dan Kepegawaian",,1
"Dinas Ketahanan Pangan dan Pertanian","KEPALA BIDANG SARANA PERKEBUNAN",,1
"Kecamatan Wates","Kepala Seksi Pemberdayaan Masyarakat",,1
"Kelurahan Jegu",Sekretaris,,1
"Kelurahan Kauman","Kepala Seksi Pemberdayaan Masyarakat dan Kesejahteraan Sosial",,1
"Badan Kepegawaian dan Pengembangan Sumber Daya Manusia","Kepala Bidang Pengadaan, Pemberhentian, Dan Data Aparatur Sipil Negara",,1
"Kecamatan Srengat","Kepala Sub Bagian Penyusunan Program dan Keuangan",,1
"Kecamatan Selopuro","Kepala Sub Bagian Umum dan Kepegawaian",,1
"Dinas Peternakan dan Perikanan","Kepala Bidang Budidaya dan Pengembangan Peternakan",,1
"Kecamatan Panggungrejo",Sekretaris,,1
"Kecamatan Sutojayan",Sekretaris,,1
"Dinas Kesehatan","Arsiparis Terampil",,1
"Kelurahan Kamulan","PENGOLAH DATA DAN INFORMASI",,1
"Badan Perencanaan Pembangunan Daerah, Penelitian, Dan Pengembangan","Kepala Bidang Pemerintahan Dan Pembangunan Manusia",,1
"Dinas Lingkungan Hidup","Kepala Bidang Pengawasan Dan Pengendalian Pencemaran Dan Kerusakan Lingkungan Hidup",,1
"Satuan Polisi Pamong Praja Dan Pemadam Kebakaran","Kepala Bidang Penegakan Hukum Daerah",,1
"Kelurahan Nglegok","Kepala Seksi Pemerintahan, Ketentraman dan Ketertiban",,1
"Kecamatan Udanawu","Kepala Seksi Pemberdayaan Masyarakat",,1
"RSUD Srengat","Kepala Seksi  Penyusunan Program, Perencanaan, Monitoring Evaluasi dan Pelaporan",,1
"Satuan Polisi Pamong Praja Dan Pemadam Kebakaran","OPERATOR LAYANAN OPERASIONAL",,1
"Dinas Perhubungan","Kepala SEKSI AUDIT DAN INSPEKSI KESELAMATAN",,1
"Kecamatan Bakung","Kepala Seksi Pelayanan Publik",,1
"Kecamatan Bakung",Camat,,1
"Kecamatan Kesamben",Sekretaris,,1
"Kecamatan Talun",Camat,,1
"Dinas Peternakan dan Perikanan","Kepala Bidang Kesehatan Hewan dan Kesehatan Masyarakat Veteriner",,1
"Dinas Pendidikan","Kepala SEKSI PENDIDIKAN ANAK USIA DINI",,1
"Kelurahan Dandong","Kepala Seksi Pemerintahan, Ketentraman dan Ketertiban",,1
"Kecamatan Wlingi",Camat,,1
"Dinas Perhubungan","Kepala Bidang Lalu Lintas",,1
"Kelurahan Kedungbunder","Kepala Seksi Pemerintahan, Ketentraman dan Ketertiban",,1
"Kecamatan Kanigoro","SEKRETARIS DESA",,1
"Kecamatan Sanankulon",Camat,,1
"Dinas Ketahanan Pangan dan Pertanian","Perencana Ahli Muda",,1
"Dinas Lingkungan Hidup",Sekretaris,,1
"Dinas Penanaman Modal dan Pelayanan Terpadu satu Pintu",Sekretaris,,1
"Kecamatan Doko","Kepala Seksi Pemberdayaan Masyarakat",,1
"Sekretariat DPRD","Kepala Bagian Fasilitasi Penganggaran dan Pengawasan",,1
"Dinas Pendidikan","Pengembang Kurikulum Ahli Muda",,1
"KELURAHAN BABADAN","Kepala Seksi Pelayanan Publik",,1
"Dinas Kependudukan dan Pencatatan Sipil","Kepala Bidang Pelayanan Pencatatan Sipil",,1
"Dinas Ketahanan Pangan dan Pertanian","Kepala Bidang Pengembangan Sumber Daya Manusia",,1
"Kecamatan Talun","Kepala Seksi Pemberdayaan Masyarakat",,1
,"Guru Madya Tingkat. I",,1
"Satuan Polisi Pamong Praja Dan Pemadam Kebakaran",Sekretaris,,1
"Kecamatan Selopuro","PENGOLAH DATA DAN INFORMASI",,1
"Kecamatan Wonodadi","Kepala Seksi Pemerintahan",,1
"Kecamatan Kanigoro","Kepala Sub Bagian Umum dan Kepegawaian",,1
"Kecamatan Wlingi","PENELAAH TEKNIS KEBIJAKAN",,1
"Satuan Polisi Pamong Praja Dan Pemadam Kebakaran","Kepala Seksi Operasi Dan Pengendalian",,1
"Badan Pendapatan Daerah","KEPALA SUB BIDANG PELAYANAN DAN KONSULTASI PAJAK DAERAH",,1
"Dinas Pemberdayaan Perempuan, Perlindungan Anak, Pengendalian Penduduk, Dan Keluarga Berencana","Kepala Sub Bagian Keuangan",,1
"Kecamatan Srengat","Kepala Seksi Ketentraman dan Ketertiban",,1
"Dinas Tenaga Kerja","Kepala Bidang Penempatan Tenaga Kerja dan Perluasan Kesempatan Kerja",,1
"RSUD Ngudi Waluyo Wlingi","Asisten Penata Anestesi Penyelia",,1
"Kecamatan Wates","Kepala Sub Bagian Penyusunan Program dan Keuangan",,1
"Dinas Ketahanan Pangan dan Pertanian","Kepala Sub Bagian Umum dan Kepegawaian",,1
"Dinas Pekerjaan Umum dan Penataan Ruang","Kepala Sub Bagian Umum dan Kepegawaian",,1
"RSUD Ngudi Waluyo Wlingi","Fisioterapis Penyelia",,1
"Kelurahan Togogan",Sekretaris,,1
"Dinas Pekerjaan Umum dan Penataan Ruang","Penata Kelola Jalan dan Jembatan Ahli Muda",,1
"Kecamatan Bakung",Sekretaris,,1
"Kecamatan Sutojayan","Kepala Seksi Pelayanan Publik",,1
"Dinas Tenaga Kerja","Mediator Hubungan Industrial Ahli Muda",,1
"SEKRETARIAT DAERAH","PENGADMINISTRASI UMUM",,1
"Dinas Perpustakaan Dan Kearsipan","Kepala Bidang Pengelolaan Arsip",,1
"Dinas Koperasi, Usaha Kecil dan Menengah","Kepala Sub Bagian Keuangan",,1
"Badan Pendapatan Daerah","KEPALA BIDANG PENETAPAN DAN PENAGIHAN PAJAK DAERAH",,1
,"Pengawas Sekolah Madya - Tingkat Menengah",,1
"Badan Pendapatan Daerah",Sekretaris,,1
"Kecamatan Garum","Kepala Sub Bagian Umum dan Kepegawaian",,1
"Kelurahan Togogan","Kepala Seksi Pemberdayaan Masyarakat dan Kesejahteraan Sosial",,1
"Dinas Lingkungan Hidup","Kepala Bidang Pengelolaan Persampahan Dan Pertamanan",,1
"Dinas Perindustrian dan Perdagangan","Pengawas Kemetrologian Ahli Muda",,1
"Kelurahan Togogan","Kepala Seksi Pemerintahan, Ketentraman dan Ketertiban",,1
"Dinas Perpustakaan Dan Kearsipan","Kepala Bidang Pembinaan dan Pengawasan Kearsipan",,1
"Kecamatan Kademangan","Kepala Seksi Ketentraman dan Ketertiban",,1
"Dinas Koperasi, Usaha Kecil dan Menengah","KEPALA BIDANG PEMBERDAYAAN DAN PERLINDUNGAN KOPERASI",,1
"Dinas Lingkungan Hidup","Pengawas Lingkungan Hidup Ahli Muda",,1
"Dinas Peternakan dan Perikanan","Pengawas Bibit Ternak Ahli Muda",,1
"Kecamatan Selorejo","Kepala Seksi Pelayanan Publik",,1
"Sekretariat DPRD","Kepala Sub Bagian Tata Usaha dan Kepegawaian",,1
"Dinas Pemberdayaan Perempuan, Perlindungan Anak, Pengendalian Penduduk, Dan Keluarga Berencana",Sekretaris,,1
"Sekretariat Bawaslu Provinsi Jawa Timur","Kepala Sekretariat Bawaslu Kab. Blitar",,1
"Dinas Perhubungan","Penguji Kendaraan Bermotor Penyelia",,1
"Pelaksana Badan Penanggulangan Bencana Daerah","Kepala Bidang Rehabilitasi dan Rekonstruksi",,1
"RSUD Ngudi Waluyo Wlingi","Pranata Laboratorium Kesehatan Ahli Madya",,1
"Dinas Perindustrian dan Perdagangan",Sekretaris,,1
"Kecamatan Kanigoro","Kepala Seksi Pemerintahan",,1
"Kelurahan Srengat",Sekretaris,,1
"Kecamatan Gandusari","FENGADMINISTRASI UMUM",,1
"Dinas Perpustakaan Dan Kearsipan",Sekretaris,,1
"Sekretariat DPRD","Sekretaris DPRD",,1
"Dinas Perhubungan",Sekretaris,,1
,"Sanitarian Terampil",,1
"Dinas Pekerjaan Umum dan Penataan Ruang","PRANATA KEWILAYAHAN",,1
"Kecamatan Kademangan","PENGOLAH DATA DAN INFORMASI",,1
"Dinas Perindustrian dan Perdagangan","Pengawas Kemetrologian Ahli Pertama",,1
"RSUD Ngudi Waluyo Wlingi","DOKTER SPESIALIS ORTHOPEDI DAN TRAUMATOLOGI",,1
"Kecamatan Panggungrejo","Kepala Seksi Pemberdayaan Masyarakat",,1
"Kecamatan Nglegok","Kepala Seksi Pelayanan Publik",,1
"SEKRETARIAT DAERAH","Analis Kebijakan Ahli Muda",,1
"Kecamatan Talun","Kepala Sub Bagian Penyusunan Program dan Keuangan",,1
"Badan Pengelolaan Keuangan dan Aset Daerah","Kepala Sub Bidang Akuntansi Pelaporan",,1
"Dinas Peternakan dan Perikanan","Kepala UPT RUMAH PEMOTONGAN HEWAN",,1
"Dinas Kepemudaan Dan Olah Raga","Kepala Sub Bagian Umum dan Kepegawaian",,1
"Badan Pengelolaan Keuangan dan Aset Daerah","Kepala Bidang Anggaran",,1
Inspektorat,"Inspektur Pembantu II",,1
"Kecamatan Selorejo",Camat,,1
"Kelurahan Kembangarum","Kepala Seksi Pemberdayaan Masyarakat dan Kesejahteraan Sosial",,1
"Badan Pendapatan Daerah","PENGADMINISTRASI UMUM",,1
"Dinas Ketahanan Pangan dan Pertanian","Analis Keuangan Pusat dan Daerah Ahli Muda",,1
"Badan Pendapatan Daerah","Kepala Badan Pendapatan Daerah",,1
"Kelurahan Kembangarum",Sekretaris,,1
"Dinas Perhubungan","Kepala Bidang Perlengkapan Jalan",,1
"Kecamatan Wates",Sekretaris,,1
"Dinas Koperasi, Usaha Kecil dan Menengah","KEPALA BIDANG PEMBERDAYAAN USAHA MIKRO",,1
"RSUD Srengat","Direktur RSUD Srengat",,1
"RSUD Srengat","Kepala Seksi Pelayanan Penunjang Non Klinik",,1
"Pelaksana Badan Penanggulangan Bencana Daerah","Kepala Bidang Kedaruratan dan Logistik",,1
"Dinas Perumahan Rakyat, Kawasan Permukiman dan Pertanahan","Perencana Ahli Muda",,1
"Kelurahan Bajang","Kepala Seksi Pemerintahan, Ketentraman dan Ketertiban",,1
"Dinas Komunikasi, Informatika, Statistik, Dan Persandian","Kepala Dinas Komunikasi, Informatika, Statistik, Dan Persandian",,1
"Dinas Lingkungan Hidup","Kepala Bidang Peningkatan Kapasitas Lingkungan Hidup",,1
"Dinas Kesehatan","Nutrisionis Ahli Muda",,1
"Kecamatan Kademangan","PENELAAH TEKNIS KEBIJAKAN",,1
"Dinas Pemberdayaan Masyarakat dan Desa","Kepala Bidang Penataan Dan Kerja Sama Desa",,1
"Kecamatan Ponggok","Kepala Seksi Ketentraman dan Ketertiban",,1
"Kecamatan Gandusari","Kepala Seksi Kesejahteraan Sosial",,1
"Badan Pendapatan Daerah","Analis Keuangan Pusat dan Daerah Ahli Muda",,1
"Dinas Kepemudaan Dan Olah Raga",Sekretaris,,1
"SEKRETARIAT DAERAH","Staf Ahli Bidang Hukum, Pemerintahan dan Politik",,1
"Dinas Kebudayaan Dan Pariwisata","Kepala Bidang Pemasaran Pariwisata",,1
"Kecamatan Kademangan","Kepala Seksi Pemberdayaan Masyarakat",,1
"Kecamatan Selorejo",Sekretaris,,1
"Dinas Kesehatan","Kepala Bidang Sumber Daya Kesehatan",,1
"Dinas Peternakan dan Perikanan","Pengelola Kesehatan Ikan Ahli Muda",,1
"RSUD Ngudi Waluyo Wlingi","Fisioterapis Mahir",,1
"Dinas Kesehatan","Sanitarian Mahir",,1
"Dinas Pendidikan","KEPALA BIDANG PENGELOLAAN PENDIDIKAN SEKOLAH MENENGAH PERTAMA",,1
"Dinas Perindustrian dan Perdagangan","Perencana Ahli Muda",,1
"Badan Pengelolaan Keuangan dan Aset Daerah","Kepala Sub Bagian Umum dan Kepegawaian",,1
"Dinas Perhubungan","Kepala Seksi Pemeliharaan Perlengkapan Jalan",,1
,"PENGADMINISTRASI PERENCANAAN PROGRAM",,1
"RSUD Srengat","Kepala Seksi Pelayanan Keperawatan",,1
"Dinas Perumahan Rakyat, Kawasan Permukiman dan Pertanahan","KEPALA BIDANG PENGEMBANGAN KAWASAN PERMUKIMAN",,1
"Kecamatan Ponggok",Sekretaris,,1
"Dinas Ketahanan Pangan dan Pertanian","Analis Sumber Daya Manusia Aparatur Ahli Muda",,1
"Dinas Kependudukan dan Pencatatan Sipil","Analis Kebijakan Ahli Muda",,1
"Kecamatan Udanawu",Camat,,1
"Kecamatan Bakung","Kepala Sub Bagian Umum dan Kepegawaian",,1
"Sekretariat DPRD","Kepala Bagian Persidangan dan Perundang-undangan",,1
"Kecamatan Gandusari","Kepala Seksi Pemerintahan",,1
"Dinas Komunikasi, Informatika, Statistik, Dan Persandian","Kepala Bidang Informasi dan Komunikasi Publik",,1
"Kelurahan Srengat","Kepala Seksi Pemerintahan, Ketentraman dan Ketertiban",,1
"Dinas Koperasi, Usaha Kecil dan Menengah","KEPALA BIDANG PENGEMBANGAN USAHA MIKRO",,1
"Dinas Komunikasi, Informatika, Statistik, Dan Persandian",Sekretaris,,1
"Kecamatan Udanawu",Sekretaris,,1
"Kecamatan Selopuro","Kepala Seksi Pemberdayaan Masyarakat",,1
"Dinas Perindustrian dan Perdagangan","Kepala Bidang Sarana Perdagangan",,1
"Dinas Perumahan Rakyat, Kawasan Permukiman dan Pertanahan","Kepala Bidang Pertanahan",,1
"Kecamatan Ponggok","Kepala Seksi Pelayanan Publik",,1
"Dinas Tenaga Kerja","Kepala Bidang Hubungan Industrial Syarat Kerja",,1
"Dinas Kebudayaan Dan Pariwisata","JURU PELIHARA CAGAR BUDAYA",,1
"Kecamatan Selopuro","Kepala Seksi Ketentraman dan Ketertiban",,1
"Kecamatan Kademangan",Camat,,1
"Kelurahan Bence","Kepala Seksi Pelayanan Publik",,1
"Badan Pendapatan Daerah","KEPALA BIDANG PENGENDALIAN DAN PENGAWASAN PAJAK DAERAH DAN RETRIBUSI DAERAH",,1
"Kecamatan Nglegok",Sekretaris,,1
"Badan Pendapatan Daerah","Kepala SUB BIDANG PENDATAAN DAN PENDAFTARAN OBYEK PAJAK DAERAH",,1
"Kecamatan Ponggok","Kepala Seksi Pemerintahan",,1
"Dinas Perumahan Rakyat, Kawasan Permukiman dan Pertanahan","KEPALA BIDANG PRASARANA SARANA DAN FASILITAS UMUM",,1
"Kecamatan Wonodadi","Kepala Seksi Pemberdayaan Masyarakat",,1
"Kecamatan Gandusari",Camat,,1
"Dinas Ketahanan Pangan dan Pertanian",Sekretaris,,1
"Kecamatan Kanigoro",Camat,,1
"PEMERINTAH KABUPATEN BLITAR -","Perawat Penyelia",,1
"Kelurahan Talun","Kepala Seksi Pemerintahan, Ketentraman dan Ketertiban",,1
"Dinas Koperasi, Usaha Kecil dan Menengah","Kepala Dinas Koperasi, Usaha Kecil dan Menengah",,1
"Kelurahan Talun",Sekretaris,,1
"SEKRETARIAT DAERAH","Asisten Perekonomian  Pembangunan",,1
,"Pengawas Sekolah Ahli Utama",,1
"Dinas Sosial","Kepala Bidang Pemberdayaan Sosial",,1
"Satuan Polisi Pamong Praja Dan Pemadam Kebakaran","Kepala SEKSI PEMADAMAN, PENYELAMATAN, DAN SARANA PRASARANA",,1
"Kecamatan Kanigoro","Kepala Seksi Kesejahteraan Sosial",,1
"Kelurahan Srengat","Kepala Seksi Pemberdayaan Masyarakat dan Kesejahteraan Sosial",,1
"Satuan Polisi Pamong Praja Dan Pemadam Kebakaran","Kepala Seksi Bina Potensi Masyarakat",,1
"Badan Pendapatan Daerah","KEPALA SUB BIDANG PERENCANAAN DAN PENGEMBANGAN PAJAK DAERAH",,1
"Dinas Perindustrian dan Perdagangan","Kepala Sub Bagian Umum dan Kepegawaian",,1
"Dinas Pendidikan","PENGADMINISTRASI KEPENDIDIKAN",,1
"Dinas Peternakan dan Perikanan","Paramedik Veteriner Penyelia",,1
"Kecamatan Srengat","Kepala Seksi Pemerintahan",,1
"Dinas Pekerjaan Umum dan Penataan Ruang","Kepala Bidang Bina Marga",,1
"Dinas Peternakan dan Perikanan","Analis Akuakultur Ahli Madya",,1
"Dinas Pemberdayaan Perempuan, Perlindungan Anak, Pengendalian Penduduk, Dan Keluarga Berencana","Kepala Sub Bagian Umum dan Kepegawaian",,1
"Dinas Kesehatan","Pranata Laboratorium Kesehatan Mahir",,1
"Kelurahan Bence","Kepala Seksi Pemerintahan, Ketentraman dan Ketertiban",,1
"Kelurahan Nglegok","Kepala Seksi Pelayanan Publik",,1
"Kecamatan Selorejo","Kepala Seksi Pemberdayaan Masyarakat",,1
"Dinas Komunikasi, Informatika, Statistik, Dan Persandian","Kepala Bidang Persandian Dan Keamanan Informasi",,1
"RSUD Ngudi Waluyo Wlingi","ASISTEN APOTEKER PELAKSANA LANJUTAN",,1
"Kecamatan Kanigoro","Kepala Seksi Ketentraman dan Ketertiban",,1
"Kecamatan Wonotirto",Camat,,1
"Kecamatan Ponggok",Camat,,1
"Kecamatan Bakung","Kepala Seksi Pemberdayaan Masyarakat",,1
"Dinas Perhubungan","Kepala Sub Bagian Umum dan Kepegawaian",,1
"Kecamatan Wonodadi","Kepala Sub Bagian Penyusunan Program dan Keuangan",,1
"Kecamatan Sanankulon",Sekretaris,,1
"Dinas Tenaga Kerja","Kepala Seksi Transmigrasi",,1
"Dinas Kependudukan dan Pencatatan Sipil",Sekretaris,,1
"Dinas Pendidikan","KEPALA SEKSI PEMBINAAN TENAGA PENDIDIK DAN KEPENDIDIKAN SMP",,1
"Kecamatan Ponggok","Kepala Seksi Pemberdayaan Masyarakat",,1
"Dinas Pendidikan","Perencana Ahli Muda",,1
"Dinas Perindustrian dan Perdagangan","Penyuluh Perindustrian dan Perdagangan Ahli Muda",,1
"Badan Pengelolaan Keuangan dan Aset Daerah","Kepala Bidang Perbendaharaan dan Kas Daerah",,1
"Dinas Lingkungan Hidup","PENGELOLA LAYANAN OPERASIONAL",,1
"Kecamatan Kesamben","Kepala Sub Bagian Umum dan Kepegawaian",,1
"Dinas Perumahan Rakyat, Kawasan Permukiman dan Pertanahan","Kepala Dinas Perumahan Rakyat, Kawasan Permukiman dan Pertanahan",,1
"Kecamatan Selopuro",Camat,,1
"Sekretariat DPRD","Pranata Hubungan Masyarakat Ahli Muda",,1
"Kecamatan Wonodadi","Kepala Seksi Kesejahteraan Sosial",,1
"Kecamatan Kademangan",Sekretaris,,1
"Kelurahan Kedungbunder",Sekretaris,,1
"Kecamatan Kademangan","Kepala Seksi Pemerintahan",,1
"Kecamatan Sutojayan","Kepala Seksi Pemberdayaan Masyarakat",,1
"Dinas Kebudayaan Dan Pariwisata",Sekretaris,,1
"RSUD Ngudi Waluyo Wlingi","Sanitarian Penyelia",,1
"Kecamatan Doko","Kepala Sub Bagian Penyusunan Program dan Keuangan",,1
"Dinas Perhubungan","Kepala BIDANG KESELAMATAN",,1
"Badan Kesatuan Bangsa dan Politik","Kepala Bidang Ideologi, Wawasan Kebangsaan Dan Karakter Bangsa",,1
"Kecamatan Sanankulon","Kepala Seksi Pemerintahan",,1
"Satuan Polisi Pamong Praja Dan Pemadam Kebakaran","Kepala Seksi Pengawalan Dan Pengamanan",,1
,"Bidan Pelaksana Lanjutan / Mahir",,1
"Kecamatan Nglegok","Kepala Sub Bagian Penyusunan Program dan Keuangan",,1
"Kecamatan Wonotirto","Kepala Seksi Pemerintahan",,1
"Kecamatan Binangun",Sekretaris,,1
"Dinas Perhubungan","Kepala SEKSI PENGUJIAN KENDARAAN BERMOTOR",,1
"Dinas Pemberdayaan Masyarakat dan Desa","Kepala Bidang Kelembagaan Masyarakat",,1
"Kelurahan Tawangsari","Kepala Seksi Pemerintahan, Ketentraman dan Ketertiban",,1
"Kecamatan Kademangan","Kepala Seksi Kesejahteraan Sosial",,1
"Kecamatan Kesamben",Camat,,1
"Badan Pendapatan Daerah","KEPALA SUB BIDANG PENAGIHAN PAJAK DAERAH",,1
"RSUD Ngudi Waluyo Wlingi","Fisioterapis Ahli Muda",,1
"Kelurahan Nglegok",Sekretaris,,1
,"Pranata Laboratorium Kesehatan Penyelia",,1
"Kecamatan Gandusari",Sekretaris,,1
"Dinas Pekerjaan Umum dan Penataan Ruang","Kepala Bidang Cipta Karya",,1
"Kecamatan Sanankulon","Kepala Seksi Kesejahteraan Sosial",,1
"Kecamatan Talun","Kepala Seksi Kesejahteraan Sosial",,1
"Kecamatan Sanankulon","Kepala Seksi Ketentraman dan Ketertiban",,1
"Kelurahan Sumberdiren",Sekretaris,,1
"Badan Pendapatan Daerah","KEPALA SUB BIDANG PEMBINAAN DAN PENGAWASAN PAJAK DAERAH DAN RETRIBUSI DAERAH",,1
"Kelurahan Kademangan","Kepala Seksi Pemberdayaan Masyarakat dan Kesejahteraan Sosial",,1
"Dinas Lingkungan Hidup","Kepala Bidang Tata Lingkungan",,1
"Kelurahan Jingglong","Kepala Seksi Pemberdayaan Masyarakat dan Kesejahteraan Sosial",,1
"Kecamatan Sanankulon","Kepala Sub Bagian Umum dan Kepegawaian",,1
"RSUD Ngudi Waluyo Wlingi","Analis Sumber Daya Manusia Aparatur Ahli Muda",,1
"Kecamatan Srengat","Kepala Kelurahan Togogan",,1
"Dinas Perindustrian dan Perdagangan","Kepala Bidang Perdagangan",,1
"Kecamatan Talun",Sekretaris,,1
,"Sanitarian Penyelia",,1
"Dinas Pemberdayaan Perempuan, Perlindungan Anak, Pengendalian Penduduk, Dan Keluarga Berencana","Kepala Bidang Keluarga Berencana",,1
"Kelurahan Bence",Sekretaris,,1
"Kecamatan Wates","OPERATOR LAYANAN OPERASIONAL",,1
"Kecamatan Selorejo","Kepala Sub Bagian Umum dan Kepegawaian",,1
"Dinas Perumahan Rakyat, Kawasan Permukiman dan Pertanahan",Sekretaris,,1
"Kecamatan Srengat","Kepala Seksi Pelayanan Publik",,1
"Kecamatan Kesamben","PENGADMINISTRASI PERKANTORAN",,1
"Dinas Pendidikan","KEPALA BIDANG PENGEMBANGAN KURIKULUM",,1
,"Pranata Laboratorium Kesehatan Ahli Pertama",,1
"Kecamatan Panggungrejo",Camat,,1
"Badan Pendapatan Daerah","KEPALA BIDANG PELAYANAN DAN PENDATAAN PAJAK DAERAH",,1
"RSUD Ngudi Waluyo Wlingi","Penata Anestesi Ahli Muda",,1
"Kecamatan Garum",Sekretaris,,1
"SEKRETARIAT DAERAH","Kepala Bagian Umum",,1
"Dinas Pekerjaan Umum dan Penataan Ruang","Penata Kelola Penyehatan Lingkungan Ahli Muda",,1
"Dinas Pemberdayaan Perempuan, Perlindungan Anak, Pengendalian Penduduk, Dan Keluarga Berencana","Kepala Bidang Kesetaraan Gender, Pemberdayaan Dan Perlindungan Perempuan",,1
"Badan Pengelolaan Keuangan dan Aset Daerah","Kepala Sub Bidang Akuntansi Penerimaan dan Pengeluaran",,1
"Kecamatan Wlingi","Kepala Seksi Ketentraman dan Ketertiban",,1
"Dinas Kependudukan dan Pencatatan Sipil","Kepala Sub Bagian Keuangan",,1
"RSUD Srengat","Kepala Seksi Pelayanan Medik",,1
"Dinas Sosial",Sekretaris,,1
Inspektorat,"Auditor Ahli Madya",,1
"Pelaksana Badan Penanggulangan Bencana Daerah","Kepala Bidang Pencegahan dan Kesiapsiagaan",,1
"Badan Kesatuan Bangsa dan Politik","Kepala Bidang Politik Dalam Negeri",,1
"Kecamatan Garum","Kepala Seksi Pemberdayaan Masyarakat",,1
"Kecamatan Nglegok","Kepala Seksi Kesejahteraan Sosial",,1
"Badan Pendapatan Daerah","Pemeriksa Pajak Ahli Muda",,1
"Kecamatan Doko",Camat,,1
"RSUD Ngudi Waluyo Wlingi","Direktur RSUD Ngudi Waluyo Wlingi",,1
"Dinas Kebudayaan Dan Pariwisata","Kepala BIDANG PENGEMBANGAN SUMBER DAYA PARIWISATA DAN EKONOMI KREATIF",,1
"Dinas Kesehatan","Kepala Bidang Pelayanan Kesehatan",,1
"Dinas Kesehatan","Administrator Kesehatan Ahli Madya",,1
"Kelurahan Garum","Kepala Seksi Pemerintahan, Ketentraman dan Ketertiban",,1
"Satuan Polisi Pamong Praja Dan Pemadam Kebakaran","Kepala Sub Bagian Keuangan",,1
"Satuan Polisi Pamong Praja Dan Pemadam Kebakaran","Kepala Sub Bagian Penyusunan Program",,1
"Dinas Kesehatan",Sekretaris,,1
"Kelurahan Kamulan",Sekretaris,,1
"RSUD Ngudi Waluyo Wlingi","Kepala Bagian Perencanaan Program dan Evaluasi",,1
"Badan Kepegawaian dan Pengembangan Sumber Daya Manusia","KEPALA BIDANG PENGEMBANGAN SUMBER DAYA MANUSIA",,1
"Dinas Perhubungan","Kepala Seksi Moda Transportasi",,1
"Kecamatan Sutojayan",Camat,,1
Inspektorat,"Inspektur Pembantu I",,1
"Kecamatan Wonodadi",Camat,,1
"Kecamatan Kanigoro",Sekretaris,,1
"Dinas Pemberdayaan Perempuan, Perlindungan Anak, Pengendalian Penduduk, Dan Keluarga Berencana","Penata Kependudukan dan Keluarga Berencana Ahli Muda",,1
"Dinas Kependudukan dan Pencatatan Sipil","Kepala Bidang Pengelolaan Informasi Administrasi Kependudukan",,1
"SEKRETARIAT DAERAH","Staf Ahli Bidang Ekonomi, Keuangan dan Pembangunan",,1
"Dinas Kesehatan","Kepala Bidang Kesehatan Masyarakat",,1
"Kelurahan Kauman",Sekretaris,,1
"Kecamatan Doko","Kepala Sub Bagian Umum dan Kepegawaian",,1
Inspektorat,"Pengawas Pemerintahan Madya / Ahli Madya",,1
"Dinas Pendidikan","Pengawas Sekolah Madya - Tingkat Menengah",,1
,"Asisten Apoteker Terampil",,1
"Dinas Perindustrian dan Perdagangan","Kepala Bidang Perindustrian",,1
"Dinas Tenaga Kerja","Kepala Sub Bagian Keuangan",,1
"Kecamatan Nglegok",Camat,,1
"Kecamatan Kesamben","Kepala Seksi Pemberdayaan Masyarakat",,1
"Kecamatan Srengat",Camat,,1
"Badan Kesatuan Bangsa dan Politik","Kepala Bidang Kewaspadaan Nasional Dan Penanganan Konflik",,1
"Dinas Sosial","Kepala Sub Bagian Umum dan Kepegawaian",,1
"Kecamatan Srengat","SEKRETARIS DESA",,1
"Dinas Kesehatan","Penyuluh Kesehatan Masyarakat Ahli Muda",,1
"Kecamatan Binangun",Camat,,1
"Kecamatan Doko",Sekretaris,,1
"Dinas Kepemudaan Dan Olah Raga","Kepala Bidang Kepemudaan",,1
"Bagian Umum","TEKNISI PEMELIHARAAN SARANA DAN PRASARANA",,1
"Dinas Sosial","Kepala Bidang Rehabilitasi Sosial",,1
"Kelurahan Tawangsari",Sekretaris,,1
"Dinas Kesehatan","Kepala Sub Bagian Umum dan Kepegawaian",,1
"PEMERINTAH KABUPATEN BLITAR -","Sanitarian Penyelia",,1
"Kecamatan Selopuro",Sekretaris,,1
"RSUD Srengat","Kepala Seksi Pelayanan Penunjang Klinik",,1
"Dinas Kebudayaan Dan Pariwisata","Analis Keuangan Pusat dan Daerah Ahli Muda",,1
"Dinas Pendidikan","Analis Keuangan Pusat dan Daerah Ahli Muda",,1
"Dinas Perumahan Rakyat, Kawasan Permukiman dan Pertanahan","Kepala Bidang Perumahan Rakyat",,1
"RSUD Srengat","Kepala Bagian Umum, Kepegawaian dan Keuangan",,1
"RSUD Ngudi Waluyo Wlingi","Bidan Ahli Muda",,1
"Dinas Perhubungan","Kepala Seksi Perparkiran",,1
"Dinas Pendidikan","Kepala Bidang Pengelolaan Pendidikan Anak Usia Dini Dan Pendidikan Non Formal",,1
"Sekretariat DPRD","Kepala Bagian Program dan Keuangan",,1
"Kelurahan Satriyan",Sekretaris,,1
"Sekretariat DPRD","Kepala Bagian Umum",,1
"Dinas Penanaman Modal dan Pelayanan Terpadu satu Pintu","Analis Kebijakan Ahli Madya",,1
,"Guru Pembina Tingkat. I",,1
"Dinas Lingkungan Hidup","AHLI PERTAMA - ADMINISTRATOR DATABASE KEPENDUDUKAN",,1
"Dinas Perhubungan","PENGOLAH DATA DAN INFORMASI",,1
"SEKRETARIAT DAERAH","PETUGAS SARANA DAN PRASARANA TRANSPORTASI DARAT",,1
"Kecamatan Sutojayan","PENELAAH TEKNIS KEBIJAKAN",,1
"RSUD Ngudi Waluyo Wlingi","Refraksionis Optisien Terampil",,1
"Kelurahan Wlingi","PENGOLAH DATA DAN INFORMASI",,1
"Kelurahan Kaweron","PENGOLAH DATA DAN INFORMASI",,1
"Kelurahan Satriyan","PENGOLAH DATA DAN INFORMASI",,1
"Kecamatan Srengat","PENELAAH TEKNIS KEBIJAKAN",,1
"Kecamatan Wonotirto","PENELAAH TEKNIS KEBIJAKAN",,1
"RSUD Srengat","Psikolog Klinis Ahli Pertama",,1
"Sekretariat DPRD","Perancang Peraturan Perundang-undangan Ahli Pertama",,1
"Dinas Perhubungan","PENGELOLA DATA JARINGAN TRANSPORTASI JALAN",,1
"Kecamatan Kanigoro","PENGOLAH DATA DAN INFORMASI",,1
"Dinas Lingkungan Hidup","PENGOLAH DATA DAN INFORMASI",,1
"Kelurahan Kademangan","PENGOLAH DATA DAN INFORMASI",,1
"Kelurahan Garum","PENGOLAH DATA DAN INFORMASI",,1
"Kecamatan Doko","PENELAAH TEKNIS KEBIJAKAN",,1
"Kecamatan Srengat","PENGOLAH DATA DAN INFORMASI",,1
"Kelurahan Kalipang","PENGOLAH DATA DAN INFORMASI",,1
"Kecamatan Binangun","PENGOLAH DATA DAN INFORMASI",,1
"Dinas Kesehatan","Pranata Sumber Daya Manusia Aparatur Terampil",,1
"Dinas Kesehatan","Pranata Komputer Terampil",,1
"Kelurahan Kembangarum","PENGOLAH DATA DAN INFORMASI",,1
"RSUD Srengat","Dokter Gigi Ahli Pertama",,1
"Dinas Kesehatan","AHLI PERTAMA - DOKTER",,1
"Dinas Perpustakaan Dan Kearsipan","Pustakawan Terampil",,1
"Dinas Perpustakaan Dan Kearsipan","PENGOLAH DATA DAN INFORMASI",,1
"RSUD Ngudi Waluyo Wlingi","Fisikawan Medis Ahli Pertama",,1
"Kecamatan Garum","PENELAAH TEKNIS KEBIJAKAN",,1
"Dinas Perhubungan","PENATA KELOLA SISTEM DAN TEKNOLOGI INFORMASI",,1
"Kecamatan Wonodadi","PENGOLAH DATA DAN INFORMASI",,1
"Kelurahan Kanigoro","PENGOLAH DATA DAN INFORMASI",,1
"RSUD Ngudi Waluyo Wlingi","Dokter Gigi Ahli Pertama",,1
"Kelurahan Jingglong","PENGOLAH DATA DAN INFORMASI",,1
"Kecamatan Wates","PENELAAH TEKNIS KEBIJAKAN",,1
"Kecamatan Panggungrejo","PENELAAH TEKNIS KEBIJAKAN",,1
"Kelurahan Togogan","PENGOLAH DATA DAN INFORMASI",,1
"Kecamatan Nglegok","PENELAAH TEKNIS KEBIJAKAN",,1
"Sekretariat DPRD","Pranata Komputer Terampil",,1
"Dinas Kesehatan","PERAWAT UMUM POLUM",,1
"Satuan Polisi Pamong Praja dan Pemadam Kebakaran","Kepala Seksi Pencegahan Dan Investigasi",,1
"Dinas Ketahanan Pangan dan Pertanian","Kepala Bidang Sarana Tanaman Pangan dan Hortikultura",,1
"Kecamatan Binangun","Kepala Sub Bagian Umum dan Kepegawaian",,1
"Kecamatan Garum","Kepala Seksi Kesejahteraan Sosial",,1
"Kecamatan Selopuro","Kepala Seksi Pemerintahan",,1
"Dinas Pemberdayaan Perempuan, Perlindungan Anak, Pengendalian Penduduk, Dan Keluarga Berencana","Kepala Bidang Kualitas Keluarga, Perlindungan Dan Pemenuhan Hak Anak",,1
"Badan Kesatuan Bangsa dan Politik","Kepala Sub Bagian Umum dan Kepegawaian",,1
"Dinas Peternakan dan Perikanan","Pengawas Bibit Ternak Ahli Pertama",,1
"Kecamatan Binangun","Kepala Sub Bagian Penyusunan Program dan Keuangan",,1
"Dinas Perhubungan","Kepala Seksi Manajemen dan Rekayasa Lalu Lintas",,1
"Kecamatan Kesamben","Kepala Sub Bagian Penyusunan Program dan Keuangan",,1
"Bagian Protokol dan Komunikasi Pimpinan","Kepala Sub Bagian Protokol",,1
"Satuan Polisi Pamong Praja Dan Pemadam Kebakaran","Kepala Seksi Pembinaan, Pengawasan Dan Penyuluhan",,1
"Dinas Pendidikan","Kepala Seksi Pengembangan Kurikulum Pendidikan Anak Usia Dini Dan Pendidikan Non Formal",,1
"Badan Pengelolaan Keuangan dan Aset Daerah","Perencana Ahli Muda",,1
"Dinas Pekerjaan Umum dan Penataan Ruang","PENGAMAT OPERASI DAN PEMELIHARAAN SUMBER DAYA AIR",,1
"Kecamatan Wlingi","Kepala Seksi Pelayanan Publik",,1
"Dinas Perpustakaan Dan Kearsipan","Pranata Komputer Ahli Pertama",,1
"Dinas Pemberdayaan Masyarakat dan Desa","PENGOLAH DATA DAN INFORMASI",,1
"Sekretariat DPRD","PENYUSUN BAHAN ANGGOTA DEWAN",,1
"Dinas Sosial","Pranata Komputer Mahir",,1
"Kelurahan Tangkil","Kepala Seksi Pemberdayaan Masyarakat dan Kesejahteraan Sosial",,1
"Dinas Pemberdayaan Perempuan, Perlindungan Anak, Pengendalian Penduduk, Dan Keluarga Berencana","PENGOLAH DATA DAN INFORMASI",,1
"Dinas Kesehatan","PENGADMINISTRASI UMUM",,1
"Badan Pengelolaan Keuangan dan Aset Daerah","Kepala Sub Bidang Pengelolaan Kas Daerah",,1
"Dinas Pendidikan","Kepala SEKSI KELEMBAGAAN DAN SARANA PRASARANA PENDIDIKAN SEKOLAH DASAR",,1
"Badan Pendapatan Daerah","KEPALA BIDANG PERENCANAAN, PENGEMBANGAN, DAN SISTEM PAJAK DAERAH",,1
"Badan Kesatuan Bangsa dan Politik","Perencana Ahli Muda",,1
"RSUD Ngudi Waluyo Wlingi","Perawat Gigi Terampil",,1
"Dinas Kependudukan dan Pencatatan Sipil","Perencana Ahli Muda",,1
"Dinas Kesehatan","Kepala Sub Bagian Keuangan",,1
"Badan Pengelolaan Keuangan dan Aset Daerah","KEPALA SUB BIDANG PERENCANAAN ANGGARAN",,1
"Badan Perencanaan Pembangunan Daerah, Penelitian, Dan Pengembangan","Kepala Sub Bagian Keuangan",,1
"Kecamatan Sutojayan","Kepala Sub Bagian Umum dan Kepegawaian",,1
"Kecamatan Gandusari","PENELAAH TEKNIS KEBIJAKAN",,1
"Kecamatan Kesamben","Kepala Seksi Pemerintahan",,1
"Dinas Peternakan dan Perikanan","PENGAWAS PENYAKIT DAN PENGENDALI PENYAKIT HEWAN",,1
"Dinas Peternakan dan Perikanan","Paramedik Veteriner Mahir",,1
"Satuan Polisi Pamong Praja Dan Pemadam Kebakaran","Pranata Komputer Terampil",,1
"Dinas Koperasi, Usaha Kecil dan Menengah","Perencana Ahli Muda",,1
"KELURAHAN BERU","Kepala Seksi Pemberdayaan Masyarakat dan Kesejahteraan Sosial",,1
"Dinas Pekerjaan Umum dan Penataan Ruang","PENATA KELOLA LEGER JALAN",,1
"Sekretariat DPRD","Perencana Ahli Muda",,1
"Sekretariat DPRD","Perisalah Legislatif Ahli Muda",,1
"Dinas Pemberdayaan Masyarakat dan Desa","Kepala Bidang Pembangunan Desa",,1
"Badan Pengelolaan Keuangan dan Aset Daerah","Kepala Sub Bidang Pelayanan Perbendaharaan",,1
"Kecamatan Binangun","PENELAAH TEKNIS KEBIJAKAN",,1
"Dinas Pendidikan","GURU SD DII PGSD/MI",,1
"Dinas Kebudayaan Dan Pariwisata","Perencana Ahli Muda",,1
"Dinas Kebudayaan Dan Pariwisata","Pamong Budaya Ahli Muda",,1
"RSUD Ngudi Waluyo Wlingi","Fisioterapis Terampil",,1
"Dinas Kepemudaan Dan Olah Raga","Penggerak Swadaya Masyarakat Ahli Muda",,1
"RSUD Ngudi Waluyo Wlingi","Dokter Gigi Ahli Muda",,1
"Kelurahan Jegu","Kepala Seksi Pemberdayaan Masyarakat dan Kesejahteraan Sosial",,1
"Dinas Perindustrian dan Perdagangan","Penera Terampil",,1
Inspektorat,"Pengawas Pemerintahan Muda / Ahli Muda",,1
"Kecamatan Kanigoro","PENELAAH TEKNIS KEBIJAKAN",,1
"Dinas Perumahan Rakyat, Kawasan Permukiman dan Pertanahan","Penata Kelola Perumahan Ahli Pertama",,1
"Kecamatan Kanigoro","Kepala Seksi Pemberdayaan Masyarakat",,1
"Kecamatan Sutojayan","Kepala Seksi Kesejahteraan Sosial",,1
"Dinas Komunikasi, Informatika, Statistik, Dan Persandian","Kepala Sub Bagian Penyusunan Program dan Keuangan",,1
"Dinas Tenaga Kerja","PENGOLAH DATA DAN INFORMASI",,1
"Kecamatan Nglegok","Kepala Seksi Ketentraman dan Ketertiban",,1
"Dinas Tenaga Kerja","Instruktur Ahli Muda",,1
"Kecamatan Ponggok","Kepala Seksi Kesejahteraan Sosial",,1
"Bagian Protokol dan Komunikasi Pimpinan","OPERATOR LAYANAN OPERASIONAL",,1
"Dinas Perindustrian dan Perdagangan","Arsiparis Terampil",,1
"Dinas Kesehatan","Nutrisionis Mahir",,1
"Kelurahan Nglegok","Kepala Seksi Pemberdayaan Masyarakat dan Kesejahteraan Sosial",,1
"Badan Kepegawaian dan Pengembangan Sumber Daya Manusia","Kepala Sub Bagian Keuangan",,1
"Dinas Pemberdayaan Masyarakat dan Desa","Kepala Sub Bagian Umum dan Kepegawaian",,1
"Dinas Pekerjaan Umum dan Penataan Ruang","TEKNISI SARANA DAN PRASARANA",,1
"Dinas Pekerjaan Umum dan Penataan Ruang","Penata Ruang Ahli Pertama",,1
"Dinas Komunikasi, Informatika, Statistik, Dan Persandian","Sandiman Ahli Pertama",,1
"KELURAHAN BERU","Kepala Seksi Pemerintahan, Ketentraman dan Ketertiban",,1
"Dinas Pendidikan","KEPALA BIDANG PENGELOLAAN PENDIDIKAN SEKOLAH DASAR",,1
"Dinas Pekerjaan Umum dan Penataan Ruang","Penata Ruang Ahli Muda",,1
"Dinas Peternakan dan Perikanan","Kepala Sub Bagian Umum dan Kepegawaian",,1
"Dinas Peternakan dan Perikanan","Pengawas Mutu Pakan Ahli Pertama",,1
"Dinas Peternakan dan Perikanan","Pengendali Hama dan Penyakit Ikan Ahli Muda",,1
"Dinas Lingkungan Hidup","Kepala Sub Bagian Keuangan",,1
"Kecamatan Panggungrejo","Kepala Seksi Kesejahteraan Sosial",,1
"Dinas Perhubungan","Kepala Seksi Perencanaan Pembangunan Perlengkapan Jalan",,1
"Dinas Komunikasi, Informatika, Statistik, Dan Persandian","Kepala Sub Bagian Umum dan Kepegawaian",,1
"Dinas Komunikasi, Informatika, Statistik, Dan Persandian","Pranata Komputer Ahli Pertama",,1
"RSUD Ngudi Waluyo Wlingi","Teknisi Transfusi Darah Pemula",,1
"Kecamatan Talun","Kepala Sub Bagian Umum dan Kepegawaian",,1
"Badan Perencanaan Pembangunan Daerah, Penelitian, Dan Pengembangan","Kepala Sub Bagian Umum dan Kepegawaian",,1
"Badan Perencanaan Pembangunan Daerah, Penelitian, Dan Pengembangan","Kepala Bidang Perencanaan, Pengendalian Dan Evaluasi",,1
"Badan Pengelolaan Keuangan dan Aset Daerah","Kepala Sub Bidang Pemanfaatan dan Pengamanan Aset Daerah",,1
"Dinas Koperasi, Usaha Kecil dan Menengah","PENGADMINISTRASI PERKANTORAN",,1
"Pelaksana Badan Penanggulangan Bencana Daerah","PENGOLAH DATA DAN INFORMASI",,1
"Badan Pengelolaan Keuangan dan Aset Daerah","Kepala Sub Bidang Analisa Kebutuhan dan Inventarisasi Aset Daerah",,1
"Badan Pengelolaan Keuangan dan Aset Daerah","Kepala Bidang Pengelolaan Aset Daerah",,1
"Badan Pengelolaan Keuangan dan Aset Daerah","KEPALA SUB BIDANG PENGANGGARAN DAN EVALUASI ANGGARAN",,1
"Dinas Komunikasi, Informatika, Statistik, Dan Persandian","Kepala Bidang Aplikasi Dan Informatika",,1
"Badan Pengelolaan Keuangan dan Aset Daerah","Kepala Bidang Akuntansi",,1
"Badan Pendapatan Daerah","ANALIS BIMBINGAN PENDATAAN, PENILAIAN, DAN PENGENAAN",,1
"Kecamatan Kanigoro","Kepala Sub Bagian Penyusunan Program dan Keuangan",,1
"Bagian Pengadaan Barang dan Jasa","Kepala Sub Bagian Pengelolaan Pengadaan Barang dan Jasa",,1
"Dinas Perpustakaan Dan Kearsipan","Arsiparis Terampil",,1
"Dinas Perumahan Rakyat, Kawasan Permukiman dan Pertanahan","Penata Kelola Perumahan Ahli Muda",,1
"Badan Kepegawaian dan Pengembangan Sumber Daya Manusia","Analis Pengembangan Kompetensi ASN Ahli Pertama",,1
"Dinas Pekerjaan Umum dan Penataan Ruang","Penata Kelola Bangunan Gedung dan Kawasan Permukiman Ahli Muda",,1
"Dinas Pemberdayaan Masyarakat dan Desa","FASILITATOR PEMERINTAHAN",,1
"Dinas Kebudayaan Dan Pariwisata","PENGOLAH DATA DAN INFORMASI",,1
"Dinas Kesehatan","PENGELOLA RUJUKAN KESEHATAN",,1
"RSUD Ngudi Waluyo Wlingi","Sanitarian Terampil",,1
"Kecamatan Wates","Kepala Sub Bagian Umum dan Kepegawaian",,1
"Kelurahan Kalipang","Kepala Seksi Pemberdayaan Masyarakat dan Kesejahteraan Sosial",,1
"Kelurahan Talun","PENGOLAH DATA DAN INFORMASI",,1
"Kecamatan Bakung","PENELAAH TEKNIS KEBIJAKAN",,1
"RSUD Srengat","Nutrisionis Ahli Muda",,1
,"Terapis Gigi dan Mulut Terampil",,1
"Dinas Kesehatan","STAFF PELAKSANA",,1
"RSUD Srengat","PENELAAH TEKNIS KEBIJAKAN",,1
"Satuan Polisi Pamong Praja Dan Pemadam Kebakaran","Kepala Bidang Ketentraman dan Ketertiban Umum",,1
,"Nutrisionis Penyelia",,1
"Kelurahan Kembangarum","Kepala Seksi Pemerintahan, Ketentraman dan Ketertiban",,1
,"Kepala Subbag. Penyusunan Program",,1
"RSUD Ngudi Waluyo Wlingi","Wakil Direktur Pelayanan Medik dan Keperawatan",,1
"Dinas Pekerjaan Umum dan Penataan Ruang","Penata Kelola Penyehatan Lingkungan Ahli Pertama",,1
"Kecamatan Wonodadi","Kepala Sub Bagian Umum dan Kepegawaian",,1
"Dinas Pemberdayaan Masyarakat dan Desa","Perencana Ahli Pertama",,1
"Dinas Kesehatan","Tenaga Sanitasi Lingkungan Penyelia",,1
"Kecamatan Nglegok",Lurah,,1
"RSUD Srengat","Kepala Sub Bagian Umum",,1
"Kecamatan Gandusari","Kepala Sub Bagian Umum dan Kepegawaian",,1
"Kecamatan Talun","Kepala Seksi Pemerintahan",,1
"Badan Perencanaan Pembangunan Daerah, Penelitian, Dan Pengembangan","Kepala Bidang Penelitian dan Pengembangan",,1
"Badan Kesatuan Bangsa dan Politik",Sekretaris,,1
"Kelurahan Satriyan","Kepala Seksi Pemberdayaan Masyarakat dan Kesejahteraan Sosial",,1
"Dinas Pemberdayaan Perempuan, Perlindungan Anak, Pengendalian Penduduk, Dan Keluarga Berencana","Kepala UPT Perlindungan Perempuan dan Anak ( PPA )",,1
"Kelurahan Kanigoro","Kepala Seksi Pemberdayaan Masyarakat dan Kesejahteraan Sosial",,1
"Dinas Pekerjaan Umum dan Penataan Ruang","Kepala Sub Bagian Keuangan",,1
"Kecamatan Binangun","Kepala Seksi Pemberdayaan Masyarakat",,1
"Kecamatan Srengat",Sekretaris,,1
"RSUD Ngudi Waluyo Wlingi","Kepala Bidang Pendidikan dan Penelitian",,1
"RSUD Ngudi Waluyo Wlingi","Kepala Bidang Pelayanan Medik",,1
"Kelurahan Sumberdiren","Kepala Seksi Pemerintahan, Ketentraman dan Ketertiban",,1
"Dinas Koperasi, Usaha Kecil dan Menengah","KEPALA BIDANG PENGAWASAN KOPERASI",,1
"Dinas Perhubungan","Kepala Bidang Angkutan",,1
"Dinas Perhubungan","Kepala Sub Bagian Keuangan",,1
"Dinas Perhubungan","Kepala Sub Bagian Penyusunan Program",,1
,"Kepala UPT Griya Sehat",,1
"Kecamatan Srengat","Kepala Seksi Pemberdayaan Masyarakat",,1
"Kecamatan Wlingi",Sekretaris,,1
"Kecamatan Wlingi","Kepala Sub Bagian Penyusunan Program dan Keuangan",,1
"Dinas Pendidikan","Kepala Sub Bagian Umum dan Kepegawaian",,1
"RSUD Srengat","Kepala Bidang Pelayanan Penunjang Klinik dan Non Klinik",,1
"Kecamatan Udanawu","Kepala Seksi Kesejahteraan Sosial",,1
"RSUD Srengat","Kepala Seksi Hubungan Masyarakat, Hukum dan Pemasaran",,1
"Kelurahan Kalipang",Sekretaris,,1
"Dinas Kebudayaan Dan Pariwisata","Kepala Bidang Pengembangan Destinasi dan Usaha Pariwisata",,1
"Kecamatan Wonotirto",Sekretaris,,1
"SEKRETARIAT DAERAH","Staf Ahli Bidang Kemasyarakatan dan SDM",,1
"Kecamatan Kademangan","SEKRETARIS DESA",,1
"Kelurahan Klemunan","Kepala Seksi Pemberdayaan Masyarakat dan Kesejahteraan Sosial",,1
,"Perawat Ahli Madya",,1
"Kecamatan Srengat","Kepala Seksi Kesejahteraan Sosial",,1
"Dinas Sosial","Kepala Bidang Penanganan Bencana",,1
"Dinas Pendidikan","GURU SMP",,1
"Kecamatan Gandusari","Kepala Sub Bagian Penyusunan Program dan Keuangan",,1
"RSUD Ngudi Waluyo Wlingi","Perencana Ahli Muda",,1
"Dinas Pendidikan","Kepala SEKSI PEMBINAAN TENAGA PENDIDIK DAN KEPENDIDIKAN SEKOLAH DASAR",,1
"Kecamatan Kademangan","Kepala Sub Bagian Umum dan Kepegawaian",,1
"Dinas Kesehatan",STAFF,,1
"Dinas Kesehatan","Perawat Gigi Penyelia",,1
"Kelurahan Sukorejo","Kepala Seksi Pemerintahan, Ketentraman dan Ketertiban",,1
"Kelurahan Sumberdiren","Kepala Seksi Pemberdayaan Masyarakat dan Kesejahteraan Sosial",,1
"Kecamatan Wlingi","TEKNIS / ADMINISTRASI LAINNYA",,1
"Dinas Kebudayaan Dan Pariwisata","Kepala Sub Bagian Umum dan Kepegawaian",,1
"Kecamatan Bakung","Kepala Seksi Pemerintahan",,1
"Badan Pendapatan Daerah","Kepala Sub Bagian Umum dan Kepegawaian",,1
"Kecamatan Nglegok","Kepala Seksi Pemerintahan",,1
"Badan Pendapatan Daerah","KEPALA SUB BIDANG PENETAPAN PAJAK DAERAH",,1
"Dinas Kependudukan dan Pencatatan Sipil","Kepala Sub Bagian Umum dan Kepegawaian",,1
"Kecamatan Selopuro","Kepala Seksi Kesejahteraan Sosial",,1
"PEMERINTAH KABUPATEN BLITAR -","Perawat Muda / Ahli Muda",,1
"Dinas Perumahan Rakyat, Kawasan Permukiman dan Pertanahan","Kepala Sub Bagian Keuangan",,1
"Kecamatan Kademangan","Kepala Seksi Pelayanan Publik",,1
"Kecamatan Doko","Kepala Seksi Pemerintahan",,1
"Dinas Koperasi, Usaha Kecil dan Menengah","Kepala Sub Bagian Umum dan Kepegawaian",,1
"Badan Pengelolaan Keuangan dan Aset Daerah",Sekretaris,,1
"Badan Pendapatan Daerah","KEPALA SUB BIDANG PENGENDALIAN DAN KEBERATAN",,1
"Kecamatan Kademangan","Kepala Sub Bagian Penyusunan Program dan Keuangan",,1
"Dinas Pendidikan","GURU SDN",,1
"Dinas Pemberdayaan Masyarakat dan Desa","STAF KEUANGAAN",,1
"Badan Pendapatan Daerah","Pranata Komputer Ahli Pertama",,1
"Kelurahan Kauman","Kepala Seksi Pemerintahan, Ketentraman dan Ketertiban",,1
"Kelurahan Klemunan","Kepala Seksi Pemerintahan, Ketentraman dan Ketertiban",,1
"KELURAHAN BABADAN",Sekretaris,,1
"RSUD Srengat","Asisten Apoteker Mahir",,1
Inspektorat,Sekretaris,,1
"Dinas Kesehatan","Perawat Gigi Mahir",,1
"Badan Perencanaan Pembangunan Daerah, Penelitian, Dan Pengembangan","Kepala Bidang Perencanaan dan Pengembangan",,1
"Kecamatan Gandusari","Kepala Seksi Pemberdayaan Masyarakat",,1
"Kecamatan Udanawu","Kepala Sub Bagian Umum dan Kepegawaian",,1
,"FUNGSIONAL UMUM",,1
"Kelurahan Garum","Kepala Seksi Pemberdayaan Masyarakat dan Kesejahteraan Sosial",,1
"RSUD Ngudi Waluyo Wlingi","Nutrisionis Pelaksana Lanjutan / Mahir",,1
"Dinas Pendidikan","Perawat Pelaksana Lanjutan / Mahir",,1
"Kecamatan Ponggok","SEKRETARIS DESA",,1
"Dinas Pendidikan",STAF,,1
"Kecamatan Bakung","PENGADMINISTRASI UMUM PENGETIK",,1
,"SEKRETARIS DESA",,1
"Dinas Kesehatan","Kepala Bidang Pencegahan dan Pengendalian Penyakit",,1
"Kecamatan Doko","Kepala Seksi Kesejahteraan Sosial",,1
"Dinas Kesehatan",Guru,,1
"Kelurahan Tangkil","Kepala Seksi Pemerintahan, Ketentraman dan Ketertiban",,1
"Kecamatan Srengat","Kepala Sub Bagian Umum dan Kepegawaian",,1
,Guru,,1
"Dinas Pendidikan","GURU TAMAN KANAK-KANAK",,1
"KELURAHAN BABADAN","Kepala Seksi Pemberdayaan Masyarakat dan Kesejahteraan Sosial",,1
"Kecamatan Wonodadi","Kepala Seksi Ketentraman dan Ketertiban",,1
"Kelurahan Jingglong","Kepala Seksi Pemerintahan, Ketentraman dan Ketertiban",,1
"PEMERINTAH KABUPATEN BLITAR -","Pranata Laboratorium Kesehatan Penyelia",,1
"RSUD Ngudi Waluyo Wlingi","Analis Kebijakan Ahli Muda",,1
"RSUD Ngudi Waluyo Wlingi","RADIOGRAFER TERAMPIL",,1
"Dinas Kesehatan","PERAWAT GIGI TERAMPIL",,1
"Dinas Kesehatan","PEREKAM MEDIS TERAMPIL",,1
"Dinas Pendidikan","STAFF PELAKSANA",,1
"Badan Kepegawaian dan Pengembangan Sumber Daya Manusia","Kepala Bidang Kesejahteraan, Pembinaan Dan Penilaian Kinerja ASN",,1
"Satuan Polisi Pamong Praja Dan Pemadam Kebakaran","Kepala Bidang Perlindungan Masyarakat",,1
"Kelurahan Dandong",Sekretaris,,1
"Dinas Pekerjaan Umum dan Penataan Ruang","PETUGAS OPERASI DAN PEMELIHARAAN",,1
"RSUD Srengat","Tenaga Sanitasi Lingkungan Ahli Pertama",,1
"RSUD Srengat","Fisikawan Medis Ahli Pertama",,1
"RSUD Srengat","Bidan Terampil",,1
"Kecamatan Selorejo","PENGADMINISTRASI PERKANTORAN",,1
"Badan Kepegawaian dan Pengembangan Sumber Daya Manusia","OPERATOR LAYANAN OPERASIONAL",,1
"Dinas Koperasi, Usaha Kecil dan Menengah","PENGELOLA LAYANAN OPERASIONAL",,1
"Dinas Pemberdayaan Perempuan, Perlindungan Anak, Pengendalian Penduduk, Dan Keluarga Berencana","Analis Hukum Ahli Pertama",,1
"RSUD Ngudi Waluyo Wlingi","PELAKSANA/TERAMPIL - PERAWAT",,1
"Dinas Kependudukan dan Pencatatan Sipil","OPERATOR LAYANAN OPERASIONAL",,1
"Dinas Kesehatan","Nutrisionis Ahli Pertama",,1
"Dinas Kesehatan","Epidemiolog Kesehatan Ahli Pertama",,1
"RSUD Srengat","Pranata Komputer Ahli Pertama",,1
"RSUD Srengat","Fisioterapis Ahli Pertama",,1
"Kecamatan Wonodadi","PENGADMINISTRASI PERKANTORAN",,1
"Kecamatan Binangun","PENGELOLA UMUM OPERASIONAL",,1
"Sekretariat DPRD","Arsiparis Terampil",,1
"Dinas Komunikasi, Informatika, Statistik, Dan Persandian","PENGELOLA LAYANAN OPERASIONAL",,1
"Dinas Peternakan dan Perikanan","Pengelola Kesehatan Ikan Ahli Pertama",,1
"Kecamatan Bakung","OPERATOR LAYANAN OPERASIONAL",,1
"Kelurahan Sumberdiren","PENGADMINISTRASI PERKANTORAN",,1
,"Pranata Laboratorium Kesehatan Terampil",,1
"RSUD Srengat","Radiografer Ahli Pertama",,1
"Pelaksana Badan Penanggulangan Bencana Daerah","PENGADMINISTRASI PERKANTORAN",,1
"Kelurahan Satriyan","PENGADMINISTRASI PERKANTORAN",,1
"Kelurahan Sutojayan","PENGADMINISTRASI PERKANTORAN",,1
"Dinas Ketahanan Pangan dan Pertanian","OPERATOR LAYANAN OPERASIONAL",,1
"Kecamatan Gandusari","OPERATOR LAYANAN OPERASIONAL",,1
"Kelurahan Srengat","PENGADMINISTRASI PERKANTORAN",,1
"Kelurahan Kaweron","PENGELOLA UMUM OPERASIONAL",,1
"Kelurahan Kauman","PENGADMINISTRASI PERKANTORAN",,1
"Badan Kesatuan Bangsa dan Politik","PENGADMINISTRASI PERKANTORAN",,1
"Dinas Pemberdayaan Masyarakat dan Desa","PENGADMINISTRASI PERKANTORAN",,1
"Kelurahan Bajang","PENGADMINISTRASI PERKANTORAN",,1
"Kelurahan Kembangarum","PENGADMINISTRASI PERKANTORAN",,1
"RSUD Srengat","Teknisi Transfusi Darah Terampil",,1
"Kelurahan Kamulan","PENGADMINISTRASI PERKANTORAN",,1
"Kecamatan Wonotirto","PENGELOLA UMUM OPERASIONAL",,1
"Dinas Sosial","PENATA LAYANAN OPERASIONAL",,1
"Kelurahan Satriyan","OPERATOR LAYANAN OPERASIONAL",,1
"Dinas Ketahanan Pangan dan Pertanian","PENGELOLA LAYANAN OPERASIONAL",,1
"SEKRETARIAT DAERAH","Analis Kebijakan Ahli Pertama",,1
"Kecamatan Talun","PENGADMINISTRASI PERKANTORAN",,1
"Dinas Perpustakaan Dan Kearsipan","PENGELOLA UMUM OPERASIONAL",,1
,"PENATA LAYANAN OPERASIONAL",,1
"Badan Pendapatan Daerah","PENGELOLA LAYANAN OPERASIONAL",,1
"Kelurahan Kembangarum","PENGELOLA UMUM OPERASIONAL",,1
"Sekretariat DPRD","PENGELOLA UMUM OPERASIONAL",,1
"Kecamatan Kesamben","OPERATOR LAYANAN OPERASIONAL",,1
"Dinas Kependudukan dan Pencatatan Sipil","PENGELOLA UMUM OPERASIONAL",,1
"Dinas Penanaman Modal dan Pelayanan Terpadu satu Pintu","Perencana Ahli Pertama",,1
"Dinas Pemberdayaan Perempuan, Perlindungan Anak, Pengendalian Penduduk, Dan Keluarga Berencana","PENATA LAYANAN OPERASIONAL",,1
"Kecamatan Talun","PENGELOLA UMUM OPERASIONAL",,1
"Kelurahan Bence","PENGADMINISTRASI PERKANTORAN",,1
"Kecamatan Ponggok","PENGADMINISTRASI PERKANTORAN",,1
"Dinas Komunikasi, Informatika, Statistik, Dan Persandian","PENGADMINISTRASI PERKANTORAN",,1
"Dinas Kependudukan dan Pencatatan Sipil","PENGELOLA LAYANAN OPERASIONAL",,1
"Dinas Ketahanan Pangan dan Pertanian","PENGADMINISTRASI PERKANTORAN",,1
"Kecamatan Bakung","PENGADMINISTRASI PERKANTORAN",,1
"KELURAHAN BABADAN","OPERATOR LAYANAN OPERASIONAL",,1
"Kelurahan Talun","PENGADMINISTRASI PERKANTORAN",,1
"Dinas Peternakan dan Perikanan","Perencana Ahli Pertama",,1
"Kecamatan Kanigoro","OPERATOR LAYANAN OPERASIONAL",,1
"Dinas Perpustakaan Dan Kearsipan","Perencana Ahli Pertama",,1
"Kelurahan Sutojayan","PENGELOLA UMUM OPERASIONAL",,1
"Kelurahan Dandong","PENGADMINISTRASI PERKANTORAN",,1
"Dinas Perpustakaan Dan Kearsipan","Arsiparis Ahli Pertama",,1
"Kelurahan Kedungbunder","PENGADMINISTRASI PERKANTORAN",,1
"Kelurahan Kanigoro","PENGADMINISTRASI PERKANTORAN",,1
"Kelurahan Kanigoro","OPERATOR LAYANAN OPERASIONAL",,1
"Dinas Tenaga Kerja","Perencana Ahli Pertama",,1
"Kelurahan Tawangsari","PENGADMINISTRASI PERKANTORAN",,1
"Dinas Kebudayaan Dan Pariwisata","Arsiparis Terampil",,1
"Dinas Komunikasi, Informatika, Statistik, Dan Persandian","Pranata Hubungan Masyarakat Ahli Pertama",,1
"Badan Pengelolaan Keuangan dan Aset Daerah","PENATA LAYANAN OPERASIONAL",,1
"Badan Kepegawaian dan Pengembangan Sumber Daya Manusia","PENATA LAYANAN OPERASIONAL",,1
,"PENGADMINISTRASI PERKANTORAN",,1
"Badan Kesatuan Bangsa dan Politik","OPERATOR LAYANAN OPERASIONAL",,1
,"Analis Kebijakan Ahli Pertama",,1
"Kelurahan Kedungbunder","PENGELOLA UMUM OPERASIONAL",,1
"RSUD Srengat","Analis Hukum Ahli Pertama",,1
"Kelurahan Garum","PENGADMINISTRASI PERKANTORAN",,1
"Dinas Kesehatan","NUTRISIONIS TERAMPIL",,1
,"AHLI PERTAMA - MEDIK VETERINER",,1
"RSUD Srengat","PEREKAM MEDIS TERAMPIL",,1
,"AHLI PERTAMA - PRANATA HUBUNGAN MASYARAKAT",,1
"RSUD Srengat","PERAWAT TERAMPIL",,1
"RSUD Srengat","PELAKSANA/TERAMPIL - PEREKAM MEDIS",,1
,"AHLI PERTAMA - DOKTER SPESIALIS BEDAH",,1
,"REFRAKSIONIS OPTISIEN TERAMPIL",,1
,"PELAKSANA/TERAMPIL - PERAWAT",,1
"Dinas Kesehatan","PELAKSANA/TERAMPIL - ASISTEN APOTEKER",,1
"Dinas Kesehatan","PELAKSANA/TERAMPIL - BIDAN",,1
